status,alias,nazwa,typ,resolution,fps,codec,streamid,server,hls,poprzedni_status,adres_strony,uwagi
ONLINE,mallafre,Refugi Mallafre,góry / narty,3840x2160,3.04,h265,9apaasev9ogtdqnsl,http://s154.ipcamlive.com/,https://s154.ipcamlive.com/streams/9apaasev9ogtdqnsl/stream.m3u8,NIE TESTOWANO,https://www.ipcamlive.com/mallafre,segment OK
ONLINE,znpvkamera2,Słowenia - Planina nad Vrhniko,góry / narty,1920x1080,19.23,h264,3akzjpb4u3frw0nal,http://s58.ipcamlive.com/,https://s58.ipcamlive.com/streams/3akzjpb4u3frw0nal/stream.m3u8,ONLINE,https://www.ipcamlive.com/znpvkamera2,segment OK
ONLINE,63cb127a0a4f9,USA - Royal Mountain,góry / narty,1920x1080,25.00,h264,5drbbmtzokfq80qsv,http://s93.ipcamlive.com/,https://s93.ipcamlive.com/streams/5drbbmtzokfq80qsv/stream.m3u8,ONLINE,https://www.ipcamlive.com/63cb127a0a4f9,segment OK
ONLINE,homolka,Valaská Belá Homôlka - wyciąg,góry / narty,1024x576,30.03,h264,a8y78l1cbjrmbyq25,http://s168.ipcamlive.com/,https://s168.ipcamlive.com/streams/a8y78l1cbjrmbyq25/stream.m3u8,NIE TESTOWANO,https://www.ipcamlive.com/homolka,segment OK
ONLINE,athens,Athens I65 and HWY72,inne,1280x720,25.00,h264,75tbyfyxjzhlsom29,http://s117.ipcamlive.com/,https://s117.ipcamlive.com/streams/75tbyfyxjzhlsom29/stream.m3u8,NIE TESTOWANO,https://www.ipcamlive.com/athens,segment OK
ONLINE,balneariorosana,Balneário Municipal de Rosana,inne,1920x1080,27.78,h264,88hlawzrwvz8v52ct,http://s136.ipcamlive.com/,https://s136.ipcamlive.com/streams/88hlawzrwvz8v52ct/stream.m3u8,NIE TESTOWANO,https://www.ipcamlive.com/balneariorosana,segment OK
ONLINE,broadway2a,Broadway Camera 2,inne,1920x1080,14.75,h264,afo1imrjknpvwdanu,http://s175.ipcamlive.com/,https://s175.ipcamlive.com/streams/afo1imrjknpvwdanu/stream.m3u8,NIE TESTOWANO,https://www.ipcamlive.com/broadway2a,segment OK
ONLINE,campradjpolitielow,Camp Radj politie low,inne,640x480,25.00,h265,96upc2hkn9rxvt4a1,http://s150.ipcamlive.com/,https://s150.ipcamlive.com/streams/96upc2hkn9rxvt4a1/stream.m3u8,NIE TESTOWANO,https://www.ipcamlive.com/campradjpolitielow,segment OK
ONLINE,campradj,campradj,inne,640x360,19.23,h264,6exoyfmrswpqi0lxi,http://s110.ipcamlive.com/,https://s110.ipcamlive.com/streams/6exoyfmrswpqi0lxi/stream.m3u8,NIE TESTOWANO,https://www.ipcamlive.com/campradj,segment OK
ONLINE,cedarcoveresort,Cedar Cove Resort,inne,1920x1080,29.94,h264,34cr5izaktnmudtfm,http://s52.ipcamlive.com/,https://s52.ipcamlive.com/streams/34cr5izaktnmudtfm/stream.m3u8,ONLINE,https://www.ipcamlive.com/cedarcoveresort,segment OK
ONLINE,63609c3400e64,Central,inne,800x450,29.94,h264,34felivscjburdyyc,http://s52.ipcamlive.com/,https://s52.ipcamlive.com/streams/34felivscjburdyyc/stream.m3u8,NIE TESTOWANO,https://www.ipcamlive.com/63609c3400e64,segment OK
ONLINE,kovacine,Chorwacja - Kovacine,inne,1920x1080,25.00,h264,a8uqw38ftkodrlbl9,http://s168.ipcamlive.com/,https://s168.ipcamlive.com/streams/a8uqw38ftkodrlbl9/stream.m3u8,ONLINE,https://www.ipcamlive.com/kovacine,segment OK
ONLINE,lissycaseychurch,Church Camera,inne,1920x1080,20.00,h264,01m4kqcjtafwsj2gf,http://s1.ipcamlive.com/,https://s1.ipcamlive.com/streams/01m4kqcjtafwsj2gf/stream.m3u8,NIE TESTOWANO,https://www.ipcamlive.com/lissycaseychurch,segment OK
ONLINE,decatur,Decatur,inne,1280x720,25.00,h264,2ai7elewl1shayrgn,http://s42.ipcamlive.com/,https://s42.ipcamlive.com/streams/2ai7elewl1shayrgn/stream.m3u8,NIE TESTOWANO,https://www.ipcamlive.com/decatur,segment OK
ONLINE,fasoula,Fasoula,inne,1920x1080,25.00,h264,2ctkycvjjhsb8qidy,http://s44.ipcamlive.com/,https://s44.ipcamlive.com/streams/2ctkycvjjhsb8qidy/stream.m3u8,NIE TESTOWANO,https://www.ipcamlive.com/fasoula,segment OK
ONLINE,otport,Francja - Saintes-Maries-de-la-Mer,inne,640x480,3.68,h264,a94t0hswwumxxcpa7,http://s169.ipcamlive.com/,https://s169.ipcamlive.com/streams/a94t0hswwumxxcpa7/stream.m3u8,ONLINE,https://www.ipcamlive.com/otport,segment OK
ONLINE,fcscam,Fun Country Soaring,inne,1920x1080,15.15,h264,9drlnaoebrqsnd7x8,http://s157.ipcamlive.com/,https://s157.ipcamlive.com/streams/9drlnaoebrqsnd7x8/stream.m3u8,NIE TESTOWANO,https://www.ipcamlive.com/fcscam,segment OK
ONLINE,60d5c730c91b5,I360 Tower Camera North,inne,1920x1080,25.00,h264,04cetqgyljf3obkei,http://s4.ipcamlive.com/,https://s4.ipcamlive.com/streams/04cetqgyljf3obkei/stream.m3u8,NIE TESTOWANO,https://www.ipcamlive.com/60d5c730c91b5,segment OK
ONLINE,667af502836d4,Kaiaponi Farm - Waikanae Surf Club,inne,1920x1080,20.00,h264,80nofrzikve3p0xtb,http://s128.ipcamlive.com/,https://s128.ipcamlive.com/streams/80nofrzikve3p0xtb/stream.m3u8,NIE TESTOWANO,https://www.ipcamlive.com/667af502836d4,segment OK
ONLINE,falken,Kamera sokołów,inne,1920x1080,17.83,h264,3as80cnfqdpecx6zf,http://s58.ipcamlive.com/,https://s58.ipcamlive.com/streams/3as80cnfqdpecx6zf/stream.m3u8,OFFLINE,https://www.ipcamlive.com/falken,segment OK
ONLINE,kite,Kite,inne,1280x720,23.26,h264,8brzwwl5gajhokivs,http://s139.ipcamlive.com/,https://s139.ipcamlive.com/streams/8brzwwl5gajhokivs/stream.m3u8,NIE TESTOWANO,https://www.ipcamlive.com/kite,segment OK
ONLINE,64934d0a183a8,Kootzcam,inne,1920x1080,15.02,h264,86pquq945vgb18ksv,http://s134.ipcamlive.com/,https://s134.ipcamlive.com/streams/86pquq945vgb18ksv/stream.m3u8,NIE TESTOWANO,https://www.ipcamlive.com/64934d0a183a8,segment OK
ONLINE,laurelwoodgreen,Laurelwood Golf - green,inne,1920x1080,30.03,h264,3fvum3z7xexrz9s6a,http://s63.ipcamlive.com/,https://s63.ipcamlive.com/streams/3fvum3z7xexrz9s6a/stream.m3u8,ONLINE,https://www.ipcamlive.com/laurelwoodgreen,segment OK
ONLINE,5bc206bd09b49,Public IPCamLive camera,inne,1280x720,25.00,h264,3frjqyuywz9dzxp6t,http://s63.ipcamlive.com/,https://s63.ipcamlive.com/streams/3frjqyuywz9dzxp6t/stream.m3u8,NIE TESTOWANO,https://www.ipcamlive.com/5bc206bd09b49,segment OK
ONLINE,5746774011783,Public IPCamLive camera,inne,1280x720,14.89,h265,24dbskbyltwccpfft,http://s36.ipcamlive.com/,https://s36.ipcamlive.com/streams/24dbskbyltwccpfft/stream.m3u8,NIE TESTOWANO,https://www.ipcamlive.com/5746774011783,segment OK
ONLINE,67ffd07062ee5,Public IPCamLive camera,inne,1920x1080,30.04,h265,85jvlns3kzphw1em0,http://s133.ipcamlive.com/,https://s133.ipcamlive.com/streams/85jvlns3kzphw1em0/stream.m3u8,NIE TESTOWANO,https://www.ipcamlive.com/67ffd07062ee5,segment OK
ONLINE,64ea30cf0d7be,Public IPCamLive camera,inne,1920x1080,25.00,h265,a0ijjun7vubavkmta,http://s160.ipcamlive.com/,https://s160.ipcamlive.com/streams/a0ijjun7vubavkmta/stream.m3u8,NIE TESTOWANO,https://www.ipcamlive.com/64ea30cf0d7be,segment OK
ONLINE,5d42fff5d1dab,Public IPCamLive page,inne,640x360,9.26,h264,42lwxmrf845ys2cew,http://s66.ipcamlive.com/,https://s66.ipcamlive.com/streams/42lwxmrf845ys2cew/stream.m3u8,NIE TESTOWANO,https://www.ipcamlive.com/5d42fff5d1dab,segment OK
ONLINE,65e8fcfbcbd5c,Public IPCamLive page,inne,3840x2160,19.93,h265,730dufvzlxfcpta48,http://s115.ipcamlive.com/,https://s115.ipcamlive.com/streams/730dufvzlxfcpta48/stream.m3u8,NIE TESTOWANO,https://www.ipcamlive.com/65e8fcfbcbd5c,segment OK
ONLINE,6103c358500e7,Public IPCamLive page,inne,720x480,25.00,h265,1dndwlzme0kh479w5,http://s29.ipcamlive.com/,https://s29.ipcamlive.com/streams/1dndwlzme0kh479w5/stream.m3u8,NIE TESTOWANO,https://www.ipcamlive.com/6103c358500e7,segment OK
ONLINE,66a7fb01a47a4,Public IPCamLive page,inne,1920x1080,29.94,h264,51cgx5nm7c6vip1lp,http://s81.ipcamlive.com/,https://s81.ipcamlive.com/streams/51cgx5nm7c6vip1lp/stream.m3u8,NIE TESTOWANO,https://www.ipcamlive.com/66a7fb01a47a4,segment OK
ONLINE,67d43b806ac05,Public IPCamLive page,inne,1920x1080,19.23,h264,4atizj6s7gqe9teso,http://s74.ipcamlive.com/,https://s74.ipcamlive.com/streams/4atizj6s7gqe9teso/stream.m3u8,NIE TESTOWANO,https://www.ipcamlive.com/67d43b806ac05,segment OK
ONLINE,sanddollar,Sanddollar Sity,inne,1280x720,30.12,h264,47eg23m1rf0othwpy,http://s71.ipcamlive.com/,https://s71.ipcamlive.com/streams/47eg23m1rf0othwpy/stream.m3u8,NIE TESTOWANO,https://www.ipcamlive.com/sanddollar,segment OK
ONLINE,scgymcamera,SC Gym Camera,inne,1920x1080,29.94,h264,3589e1qkmrtasxxty,http://s53.ipcamlive.com/,https://s53.ipcamlive.com/streams/3589e1qkmrtasxxty/stream.m3u8,NIE TESTOWANO,https://www.ipcamlive.com/scgymcamera,segment OK
ONLINE,solvallabankamera,Solvalla - kamera toru,inne,1920x1080,25.00,h264,4cu8r9ekzvlxpgqy4,http://s76.ipcamlive.com/,https://s76.ipcamlive.com/streams/4cu8r9ekzvlxpgqy4/stream.m3u8,NIE TESTOWANO,https://www.ipcamlive.com/solvallabankamera,segment OK
ONLINE,kildysartchurch,St Michael's Church,inne,1920x1080,15.04,h264,37lprxhstkqouynrg,http://s55.ipcamlive.com/,https://s55.ipcamlive.com/streams/37lprxhstkqouynrg/stream.m3u8,NIE TESTOWANO,https://www.ipcamlive.com/kildysartchurch,segment OK
ONLINE,tullaparish,Tulla Church,inne,1920x1080,14.97,h264,b0acwapj9u8qdnfbm,http://s176.ipcamlive.com/,https://s176.ipcamlive.com/streams/b0acwapj9u8qdnfbm/stream.m3u8,NIE TESTOWANO,https://www.ipcamlive.com/tullaparish,segment OK
ONLINE,64543e68da21a,USA - Pine Grove Resort,inne,640x480,16.31,mjpeg,60ithkm0lfr5eo9wb,http://s96.ipcamlive.com/,https://s96.ipcamlive.com/streams/60ithkm0lfr5eo9wb/stream.m3u8,ONLINE,https://www.ipcamlive.com/64543e68da21a,segment OK
ONLINE,wellsjettycam,Wells - Jetty Cam,inne,1920x1080,1.35,h264,a4xrvqir7eegwqz2j,http://s164.ipcamlive.com/,https://s164.ipcamlive.com/streams/a4xrvqir7eegwqz2j/stream.m3u8,OFFLINE,https://www.ipcamlive.com/wellsjettycam,segment OK
ONLINE,5ad64dfb68455,West Topeka,inne,1280x720,29.94,h264,24pel9hxfzgvoilxq,http://s36.ipcamlive.com/,https://s36.ipcamlive.com/streams/24pel9hxfzgvoilxq/stream.m3u8,NIE TESTOWANO,https://www.ipcamlive.com/5ad64dfb68455,segment OK
ONLINE,bagnoflavio,Włochy - Bagno Flavio,inne,1920x1080,20.00,h264,3a1n6zkih3p7regai,http://s58.ipcamlive.com/,https://s58.ipcamlive.com/streams/3a1n6zkih3p7regai/stream.m3u8,OFFLINE,https://www.ipcamlive.com/bagnoflavio,segment OK
ONLINE,campingondina,Włochy - Cervo - Camping Ondina,inne,1920x1080,25.00,h264,3difytdep8ib0yeqa,http://s61.ipcamlive.com/,https://s61.ipcamlive.com/streams/3difytdep8ib0yeqa/stream.m3u8,ONLINE,https://www.ipcamlive.com/campingondina,segment OK
ONLINE,62da90f20979d,Włochy - Ischia - Maronti,inne,1920x1080,10.00,h264,a7lhtebfveqwx7nik,http://s167.ipcamlive.com/,https://s167.ipcamlive.com/streams/a7lhtebfveqwx7nik/stream.m3u8,ONLINE,https://www.ipcamlive.com/62da90f20979d,segment OK
ONLINE,riminieyecom,Włochy - Rimini,inne,1920x1080,25.00,h264,a7obtafdcvrlg4qm8,http://s167.ipcamlive.com/,https://s167.ipcamlive.com/streams_storage/a7obtafdcvrlg4qm8/stream.m3u8,ONLINE,https://www.ipcamlive.com/riminieyecom,segment OK
ONLINE,57053402af5ea,Botswana - Chobe River,jezioro / rzeka,3840x2160,25.13,h264,2e6csigwmqlzj7i4e,http://s46.ipcamlive.com/,https://s46.ipcamlive.com/streams/2e6csigwmqlzj7i4e/stream.m3u8,ONLINE,https://www.ipcamlive.com/57053402af5ea,segment OK
ONLINE,rorc,Rileys River Cam,jezioro / rzeka,1536x432,20.83,h264,8eelozn3295xaqkrt,http://s142.ipcamlive.com/,https://s142.ipcamlive.com/streams/8eelozn3295xaqkrt/stream.m3u8,ONLINE,https://www.ipcamlive.com/rorc,segment OK
ONLINE,633f81d3bf9da,USA - Wolf River Resorts,jezioro / rzeka,1280x960,5.00,h264,1ewzauhrkonzkldn6,http://s30.ipcamlive.com/,https://s30.ipcamlive.com/streams/1ewzauhrkonzkldn6/stream.m3u8,OFFLINE,https://www.ipcamlive.com/633f81d3bf9da,segment OK
ONLINE,573c49f1b13ff,Astoria,miasto / panorama,1920x1080,24.94,h264,6e01pgdwgfrcoxinl,http://s110.ipcamlive.com/,https://s110.ipcamlive.com/streams/6e01pgdwgfrcoxinl/stream.m3u8,NIE TESTOWANO,https://www.ipcamlive.com/573c49f1b13ff,segment OK
ONLINE,democam2nd,City Hall Demo Cam 2,miasto / panorama,1920x640,14.22,h264,1cizruud0jap2ns1i,http://s28.ipcamlive.com/,https://s28.ipcamlive.com/streams/1cizruud0jap2ns1i/stream.m3u8,NIE TESTOWANO,https://www.ipcamlive.com/democam2nd,segment OK
ONLINE,bismarck,Downtown Bismarck,miasto / panorama,1280x720,7.41,h264,5eyq2kufwhlem9tva,http://s94.ipcamlive.com/,https://s94.ipcamlive.com/streams/5eyq2kufwhlem9tva/stream.m3u8,NIE TESTOWANO,https://www.ipcamlive.com/bismarck,segment OK
ONLINE,6634b86c732a3,Hvar Panorama,miasto / panorama,1920x1080,6.10,h264,18tyb6frpsxrqm3zq,http://s24.ipcamlive.com/,https://s24.ipcamlive.com/streams/18tyb6frpsxrqm3zq/stream.m3u8,NIE TESTOWANO,https://www.ipcamlive.com/6634b86c732a3,segment OK
ONLINE,laurelwoodview,Laurelwood Golf - panorama,miasto / panorama,1920x1080,29.94,h264,49wy9oqc6xfhjzmlh,http://s73.ipcamlive.com/,https://s73.ipcamlive.com/streams/49wy9oqc6xfhjzmlh/stream.m3u8,ONLINE,https://www.ipcamlive.com/laurelwoodview,segment OK
ONLINE,panocamfliegercamp,Panoramakamera Fliegercamp,miasto / panorama,3840x2160,20.00,h264,19fi85klaid2pdqhr,http://s25.ipcamlive.com/,https://s25.ipcamlive.com/streams/19fi85klaid2pdqhr/stream.m3u8,NIE TESTOWANO,https://www.ipcamlive.com/panocamfliegercamp,segment OK
ONLINE,monacilioni4,Piazza 3 Monacilioni,miasto / panorama,640x360,30.03,h264,4abshr3akv0dywse1,http://s74.ipcamlive.com/,https://s74.ipcamlive.com/streams/4abshr3akv0dywse1/stream.m3u8,NIE TESTOWANO,https://www.ipcamlive.com/monacilioni4,segment OK
ONLINE,bonefro1,Piazza Bonefro,miasto / panorama,1920x1080,30.03,h264,a91sco5wn7uhdjqgm,http://s169.ipcamlive.com/,https://s169.ipcamlive.com/streams/a91sco5wn7uhdjqgm/stream.m3u8,NIE TESTOWANO,https://www.ipcamlive.com/bonefro1,segment OK
ONLINE,piazzacapp,Piazza Umberto I - Petrella Tifernina,miasto / panorama,640x480,11.92,h264,9atjsyigzkrmgfdpx,http://s154.ipcamlive.com/,https://s154.ipcamlive.com/streams/9atjsyigzkrmgfdpx/stream.m3u8,NIE TESTOWANO,https://www.ipcamlive.com/piazzacapp,segment OK
ONLINE,plazasierrapambleyvillablino,Plaza Sierra Pambley,miasto / panorama,1920x1080,25.00,h264,aasrz2wfgkkcidtbe,http://s170.ipcamlive.com/,https://s170.ipcamlive.com/streams/aasrz2wfgkkcidtbe/stream.m3u8,NIE TESTOWANO,https://www.ipcamlive.com/plazasierrapambleyvillablino,segment OK
ONLINE,wiezowieczachod,Polska - Bolesławiec - panorama,miasto / panorama,1280x720,15.02,h264,7cnqxqmbwehsmkkdl,http://s124.ipcamlive.com/,https://s124.ipcamlive.com/streams_storage/7cnqxqmbwehsmkkdl/stream.m3u8,ONLINE,https://www.ipcamlive.com/wiezowieczachod,segment OK
ONLINE,6616fd68cdd18,PR Downtown Hwy 59 North,miasto / panorama,1920x1080,15.00,h265,6ffzv1un2zcisgai0,http://s111.ipcamlive.com/,https://s111.ipcamlive.com/streams/6ffzv1un2zcisgai0/stream.m3u8,NIE TESTOWANO,https://www.ipcamlive.com/6616fd68cdd18,segment OK
ONLINE,6616fdb7af12f,PR Downtown Hwy 59 South,miasto / panorama,1920x1080,15.01,h265,98zegjoyjykwors2c,http://s152.ipcamlive.com/,https://s152.ipcamlive.com/streams/98zegjoyjykwors2c/stream.m3u8,NIE TESTOWANO,https://www.ipcamlive.com/6616fdb7af12f,segment OK
ONLINE,smokovac,Smokovac,miasto / panorama,1280x720,10.00,h264,b1p2sozxrtijkzm56,http://s177.ipcamlive.com/,https://s177.ipcamlive.com/streams/b1p2sozxrtijkzm56/stream.m3u8,NIE TESTOWANO,https://www.ipcamlive.com/smokovac,segment OK
ONLINE,ffm0,Street Cam,miasto / panorama,1280x720,14.99,h264,a2ayunjjcrmiv38om,http://s162.ipcamlive.com/,https://s162.ipcamlive.com/streams/a2ayunjjcrmiv38om/stream.m3u8,NIE TESTOWANO,https://www.ipcamlive.com/ffm0,segment OK
ONLINE,5a86db6a77a43,Tisno - most,miasto / panorama,1920x1088,25.00,h264,a0cd28wm3jlmdpio6,http://s160.ipcamlive.com/,https://s160.ipcamlive.com/streams/a0cd28wm3jlmdpio6/stream.m3u8,NIE TESTOWANO,https://www.ipcamlive.com/5a86db6a77a43,segment OK
ONLINE,cotswold,Anglia - Cotswold Airport,morze / port / plaża,640x480,15.65,h265,1ddlziotyxamjuk5f,http://s29.ipcamlive.com/,https://s29.ipcamlive.com/streams/1ddlziotyxamjuk5f/stream.m3u8,ONLINE,https://www.ipcamlive.com/cotswold,segment OK
ONLINE,68e63bc7e1b23,Anglia - Littlehampton Harbour North,morze / port / plaża,1280x720,25.00,h264,9anmg5swd9bvoltyh,http://s154.ipcamlive.com/,https://s154.ipcamlive.com/streams/9anmg5swd9bvoltyh/stream.m3u8,OFFLINE,https://www.ipcamlive.com/68e63bc7e1b23,segment OK
ONLINE,6654f97b9fdf3,Anglia - Pagham Beach,morze / port / plaża,704x576,14.71,h265,37q8vfhmf7szu2wze,http://s55.ipcamlive.com/,https://s55.ipcamlive.com/streams/37q8vfhmf7szu2wze/stream.m3u8,ONLINE,https://www.ipcamlive.com/6654f97b9fdf3,segment OK
ONLINE,69421e5731fe2,Australia - Darwin Harbour,morze / port / plaża,1920x1080,25.00,h265,3esy4lqztzwdcivp0,http://s62.ipcamlive.com/,https://s62.ipcamlive.com/streams/3esy4lqztzwdcivp0/stream.m3u8,ONLINE,https://www.ipcamlive.com/69421e5731fe2,segment OK
ONLINE,676357af8bc1f,Beach Cam,morze / port / plaża,1280x720,29.41,h264,3fy3vw7qwyet2aio0,http://s63.ipcamlive.com/,https://s63.ipcamlive.com/streams/3fy3vw7qwyet2aio0/stream.m3u8,NIE TESTOWANO,https://www.ipcamlive.com/676357af8bc1f,segment OK
ONLINE,bsyc1080,Brighton and Seacliff Yacht Club,morze / port / plaża,1920x1080,27.25,h264,7fhrbsqwrtmdnvyuf,http://s127.ipcamlive.com/,https://s127.ipcamlive.com/streams/7fhrbsqwrtmdnvyuf/stream.m3u8,NIE TESTOWANO,https://www.ipcamlive.com/bsyc1080,segment OK
ONLINE,cnbbeach,CNB Beach,morze / port / plaża,1920x1080,10.00,h264,85321doiuhe0aoxwq,http://s133.ipcamlive.com/,https://s133.ipcamlive.com/streams/85321doiuhe0aoxwq/stream.m3u8,NIE TESTOWANO,https://www.ipcamlive.com/cnbbeach,segment OK
ONLINE,600f12bf4a326,Dock Cam,morze / port / plaża,1280x720,25.00,h264,abnsqzg4hlwyagv6i,http://s171.ipcamlive.com/,https://s171.ipcamlive.com/streams/abnsqzg4hlwyagv6i/stream.m3u8,NIE TESTOWANO,https://www.ipcamlive.com/600f12bf4a326,segment OK
ONLINE,crabislanddestinflorida,Emerald Grande Crab Island Destin Florida Cam,morze / port / plaża,1920x1080,29.94,h264,24x0snl2ytvqdagme,http://s36.ipcamlive.com/,https://s36.ipcamlive.com/streams/24x0snl2ytvqdagme/stream.m3u8,NIE TESTOWANO,https://www.ipcamlive.com/crabislanddestinflorida,segment OK
ONLINE,6149f4deaa509,Hiszpania - Llafranc - plaża,morze / port / plaża,1920x1080,25.00,h264,3dyujk9txpmw48feq,http://s61.ipcamlive.com/,https://s61.ipcamlive.com/streams/3dyujk9txpmw48feq/stream.m3u8,ONLINE,https://www.ipcamlive.com/6149f4deaa509,segment OK
ONLINE,6149f4976134f,Hiszpania - Llafranc - port,morze / port / plaża,1920x1080,4.03,h264,a9aipmenqmowgzc9s,http://s169.ipcamlive.com/,https://s169.ipcamlive.com/streams/a9aipmenqmowgzc9s/stream.m3u8,ONLINE,https://www.ipcamlive.com/6149f4976134f,segment OK
ONLINE,porttorre,Hiszpania - Port Torredembarra,morze / port / plaża,2560x1920,20.00,h264,a6hcjwrabtbhiaszd,http://s166.ipcamlive.com/,https://s166.ipcamlive.com/streams/a6hcjwrabtbhiaszd/stream.m3u8,ONLINE,https://www.ipcamlive.com/porttorre,segment OK
ONLINE,5b1a9a31a1f64,Lake Geneva Yacht Club,morze / port / plaża,1920x1080,29.94,h264,85gbym3arq9poiepu,http://s133.ipcamlive.com/,https://s133.ipcamlive.com/streams/85gbym3arq9poiepu/stream.m3u8,NIE TESTOWANO,https://www.ipcamlive.com/5b1a9a31a1f64,segment OK
ONLINE,65f00165e60f4,Nahariya - molo/plaża 1,morze / port / plaża,1920x1080,25.06,h264,adio8d6h9xclh1qrm,http://s173.ipcamlive.com/,https://s173.ipcamlive.com/streams/adio8d6h9xclh1qrm/stream.m3u8,NIE TESTOWANO,https://www.ipcamlive.com/65f00165e60f4,segment OK
ONLINE,594049acc6784,North Beach Kiten Atliman,morze / port / plaża,1920x1080,19.23,h264,4ci1ar5zlncj6yvpe,http://s76.ipcamlive.com/,https://s76.ipcamlive.com/streams/4ci1ar5zlncj6yvpe/stream.m3u8,NIE TESTOWANO,https://www.ipcamlive.com/594049acc6784,segment OK
ONLINE,ottensharbor,Ottens Harbor,morze / port / plaża,2688x1520,30.03,h264,36kgr4vgxwaljvusm,http://s54.ipcamlive.com/,https://s54.ipcamlive.com/streams/36kgr4vgxwaljvusm/stream.m3u8,NIE TESTOWANO,https://www.ipcamlive.com/ottensharbor,segment OK
ONLINE,piercestownchurch,Piercestown Murrintown Church,morze / port / plaża,1920x1080,25.06,h264,a93fiaqtduwvsbcpn,http://s169.ipcamlive.com/,https://s169.ipcamlive.com/streams/a93fiaqtduwvsbcpn/stream.m3u8,NIE TESTOWANO,https://www.ipcamlive.com/piercestownchurch,segment OK
ONLINE,6690f8f74882c,RPA - Ladysmith Airport,morze / port / plaża,704x576,25.00,h264,adj3hi6kv4lutysbl,http://s173.ipcamlive.com/,https://s173.ipcamlive.com/streams/adj3hi6kv4lutysbl/stream.m3u8,ONLINE,https://www.ipcamlive.com/6690f8f74882c,segment OK
ONLINE,seacamera,Sea Club Hadera,morze / port / plaża,1920x1080,25.00,h264,7awf5ja8tmou76zhw,http://s122.ipcamlive.com/,https://s122.ipcamlive.com/streams/7awf5ja8tmou76zhw/stream.m3u8,NIE TESTOWANO,https://www.ipcamlive.com/seacamera,segment OK
ONLINE,thelandingattheboathouse,The Landing at the Boathouse - Myrtle Beach,morze / port / plaża,1920x1080,30.03,h264,9dpayz3flk0ivdwvz,http://s157.ipcamlive.com/,https://s157.ipcamlive.com/streams/9dpayz3flk0ivdwvz/stream.m3u8,NIE TESTOWANO,https://www.ipcamlive.com/thelandingattheboathouse,segment OK
ONLINE,belcekizbeachclub,Turcja - Belcekiz Beach,morze / port / plaża,1920x1080,25.00,h265,2cw3nqeqgodrg7asf,http://s44.ipcamlive.com/,https://s44.ipcamlive.com/streams/2cw3nqeqgodrg7asf/stream.m3u8,ONLINE,https://www.ipcamlive.com/belcekizbeachclub,segment OK
ONLINE,5thavebeach,USA - 5th Avenue Beach,morze / port / plaża,1024x576,20.00,h264,a5eahcgiprgoet2sb,http://s165.ipcamlive.com/,https://s165.ipcamlive.com/streams/a5eahcgiprgoet2sb/stream.m3u8,ONLINE,https://www.ipcamlive.com/5thavebeach,segment OK
ONLINE,572100e287461,USA - Bay Head Yacht Club,morze / port / plaża,1280x720,7.16,h264,a1rq8nfvplex01bmz,http://s161.ipcamlive.com/,https://s161.ipcamlive.com/streams/a1rq8nfvplex01bmz/stream.m3u8,ONLINE,https://www.ipcamlive.com/572100e287461,segment OK
ONLINE,sandpipercovebeach,USA - Sandpiper Cove Beach,morze / port / plaża,1920x1080,30.03,h264,1ee9n2zruqygwcso0,http://s30.ipcamlive.com/,https://s30.ipcamlive.com/streams/1ee9n2zruqygwcso0/stream.m3u8,ONLINE,https://www.ipcamlive.com/sandpipercovebeach,segment OK
ONLINE,acb92fbd0c3c,USA - Seneca Lake Pier,morze / port / plaża,1920x1080,24.94,h264,3bozkrbj58mrinl0o,http://s59.ipcamlive.com/,https://s59.ipcamlive.com/streams/3bozkrbj58mrinl0o/stream.m3u8,ONLINE,https://www.ipcamlive.com/acb92fbd0c3c,segment OK
ONLINE,609ee11fb2084,USA - Stone Harbor - 96th Street,morze / port / plaża,1920x1080,10.00,h264,61gqfue9bvxqpbtwx,http://s97.ipcamlive.com/,https://s97.ipcamlive.com/streams/61gqfue9bvxqpbtwx/stream.m3u8,OFFLINE,https://www.ipcamlive.com/609ee11fb2084,segment OK
ONLINE,62fe39146c821,USA - Stone Harbor Beach South,morze / port / plaża,1920x1080,10.00,h264,a2ebtb53jemkr4uf8,http://s162.ipcamlive.com/,https://s162.ipcamlive.com/streams/a2ebtb53jemkr4uf8/stream.m3u8,ONLINE,https://www.ipcamlive.com/62fe39146c821,segment OK
ONLINE,647220b9d946a,USA - Stone Harbor Yacht Club,morze / port / plaża,2688x1520,30.03,h264,1e9vw7ikenowpylun,http://s30.ipcamlive.com/,https://s30.ipcamlive.com/streams/1e9vw7ikenowpylun/stream.m3u8,ONLINE,https://www.ipcamlive.com/647220b9d946a,segment OK
ONLINE,jky47s3rdft73mek111a,USA - Ventura Harbor Entrance,morze / port / plaża,3840x2160,13.50,h265,7en9qv6lm7rnmf8rg,http://s126.ipcamlive.com/,https://s126.ipcamlive.com/streams_storage/7en9qv6lm7rnmf8rg/stream.m3u8,ONLINE,https://www.ipcamlive.com/jky47s3rdft73mek111a,segment OK
ONLINE,lidosparesort,Włochy - Albissola Marina,morze / port / plaża,704x576,5.85,h264,aa7wugxz3v09okckl,http://s170.ipcamlive.com/,https://s170.ipcamlive.com/streams/aa7wugxz3v09okckl/stream.m3u8,ONLINE,https://www.ipcamlive.com/lidosparesort,segment OK
ONLINE,hotelgabriella,Włochy - Diano Marina,morze / port / plaża,1920x1080,30.03,h264,4cqh8gigyk9tacmb1,http://s76.ipcamlive.com/,https://s76.ipcamlive.com/streams/4cqh8gigyk9tacmb1/stream.m3u8,ONLINE,https://www.ipcamlive.com/hotelgabriella,segment OK
ONLINE,5a8447de32c5a,Publiczna strona IPCamLive - nazwa nieznana,nieznana,704x576,25.00,h264,3cfrigzelef3b6ly1,http://s60.ipcamlive.com/,https://s60.ipcamlive.com/streams/3cfrigzelef3b6ly1/stream.m3u8,NIE TESTOWANO,https://www.ipcamlive.com/5a8447de32c5a,segment OK
ONLINE,5a71d8311c52f,Publiczna strona IPCamLive - nazwa nieznana,nieznana,2688x1520,4.99,h264,02pgcvdtfza5qq9lr,http://s2.ipcamlive.com/,https://s2.ipcamlive.com/streams/02pgcvdtfza5qq9lr/stream.m3u8,NIE TESTOWANO,https://www.ipcamlive.com/5a71d8311c52f,segment OK
ONLINE,5b3f45a407979,Publiczna strona IPCamLive - nazwa nieznana,nieznana,1280x720,19.23,h265,9aahqyciprl14bqgk,http://s154.ipcamlive.com/,https://s154.ipcamlive.com/streams/9aahqyciprl14bqgk/stream.m3u8,NIE TESTOWANO,https://www.ipcamlive.com/5b3f45a407979,segment OK
ONLINE,5e739b6fd9314,Publiczna strona IPCamLive - nazwa nieznana,nieznana,3840x2160,30.00,h265,24jvli6lpm1aca7k2,http://s36.ipcamlive.com/,https://s36.ipcamlive.com/streams/24jvli6lpm1aca7k2/stream.m3u8,NIE TESTOWANO,https://www.ipcamlive.com/5e739b6fd9314,segment OK
ONLINE,63f919ad27eb0,Publiczna strona IPCamLive - nazwa nieznana,nieznana,2560x1920,20.00,h264,9dofbemqxce1buydx,http://s157.ipcamlive.com/,https://s157.ipcamlive.com/streams/9dofbemqxce1buydx/stream.m3u8,NIE TESTOWANO,https://www.ipcamlive.com/63f919ad27eb0,segment OK
ONLINE,65d35aa6026d3,Publiczna strona IPCamLive - nazwa nieznana,nieznana,800x600,12.50,h264,21thv5zzychqpfjp3,http://s33.ipcamlive.com/,https://s33.ipcamlive.com/streams/21thv5zzychqpfjp3/stream.m3u8,NIE TESTOWANO,https://www.ipcamlive.com/65d35aa6026d3,segment OK
ONLINE,6582f8d4d4e03,Publiczna strona IPCamLive - nazwa nieznana,nieznana,704x576,4.00,h264,abnbo5wszxftyt21o,http://s171.ipcamlive.com/,https://s171.ipcamlive.com/streams/abnbo5wszxftyt21o/stream.m3u8,NIE TESTOWANO,https://www.ipcamlive.com/6582f8d4d4e03,segment OK
ONLINE,65afff4e2d408,Publiczna strona IPCamLive - nazwa nieznana,nieznana,1920x1080,25.00,h265,2cg79qlwwssxqppim,http://s44.ipcamlive.com/,https://s44.ipcamlive.com/streams/2cg79qlwwssxqppim/stream.m3u8,NIE TESTOWANO,https://www.ipcamlive.com/65afff4e2d408,segment OK
ONLINE,66f2c680aac9d,Publiczna strona IPCamLive - nazwa nieznana,nieznana,1920x1080,25.00,h264,2baekr07u4nioxzbr,http://s43.ipcamlive.com/,https://s43.ipcamlive.com/streams/2baekr07u4nioxzbr/stream.m3u8,NIE TESTOWANO,https://www.ipcamlive.com/66f2c680aac9d,segment OK
ONLINE,6a429661945f8,Publiczna strona IPCamLive - nazwa nieznana,nieznana,1920x1080,30.03,h264,6al5sozm4v01mt9rd,http://s106.ipcamlive.com/,https://s106.ipcamlive.com/streams/6al5sozm4v01mt9rd/stream.m3u8,NIE TESTOWANO,https://www.ipcamlive.com/6a429661945f8,segment OK
ONLINE,69aa86051667e,Publiczna strona IPCamLive - nazwa nieznana,nieznana,704x576,10.00,h264,a8f49rq7nu3lrikwi,http://s168.ipcamlive.com/,https://s168.ipcamlive.com/streams/a8f49rq7nu3lrikwi/stream.m3u8,NIE TESTOWANO,https://www.ipcamlive.com/69aa86051667e,segment OK
ONLINE,62ff8ac0c1390,Publiczny player IPCamLive - nazwa nieznana,nieznana,1280x720,20.88,h264,4bli8dot6rmbe0pqr,http://s75.ipcamlive.com/,https://s75.ipcamlive.com/streams/4bli8dot6rmbe0pqr/stream.m3u8,NIE TESTOWANO,https://www.ipcamlive.com/62ff8ac0c1390,segment OK
ONLINE,campradjsenslow,Camp Radj Sensor Low,obserwacyjna / obiekt,640x480,25.00,h265,9anqfvoji9dprwdk4,http://s154.ipcamlive.com/,https://s154.ipcamlive.com/streams/9anqfvoji9dprwdk4/stream.m3u8,NIE TESTOWANO,https://www.ipcamlive.com/campradjsenslow,segment OK
ONLINE,631b9b9cea02f,City of Hagerstown Skate Park,obserwacyjna / obiekt,2592x1944,20.00,h265,85v7lumq8ytgi3jhz,http://s133.ipcamlive.com/,https://s133.ipcamlive.com/streams/85v7lumq8ytgi3jhz/stream.m3u8,NIE TESTOWANO,https://www.ipcamlive.com/631b9b9cea02f,segment OK
ONLINE,court1mn,Court 1,obserwacyjna / obiekt,1920x1080,29.94,h264,5ervxhyc3psauq0xi,http://s94.ipcamlive.com/,https://s94.ipcamlive.com/streams/5ervxhyc3psauq0xi/stream.m3u8,NIE TESTOWANO,https://www.ipcamlive.com/court1mn,segment OK
ONLINE,6601b5072d651,Court 2,obserwacyjna / obiekt,1920x1080,30.03,h264,02v5cwxikatupo94z,http://s2.ipcamlive.com/,https://s2.ipcamlive.com/streams/02v5cwxikatupo94z/stream.m3u8,NIE TESTOWANO,https://www.ipcamlive.com/6601b5072d651,segment OK
ONLINE,court3mn,Court 3,obserwacyjna / obiekt,1920x1080,30.03,h264,87xosuqct3o5n9sgw,http://s135.ipcamlive.com/,https://s135.ipcamlive.com/streams/87xosuqct3o5n9sgw/stream.m3u8,NIE TESTOWANO,https://www.ipcamlive.com/court3mn,segment OK
ONLINE,court4mn,Court 4,obserwacyjna / obiekt,1920x1080,30.03,h264,2fibqkxpsh0eyrkzw,http://s47.ipcamlive.com/,https://s47.ipcamlive.com/streams/2fibqkxpsh0eyrkzw/stream.m3u8,NIE TESTOWANO,https://www.ipcamlive.com/court4mn,segment OK
ONLINE,court5mn,Court 5,obserwacyjna / obiekt,1920x1080,29.94,h264,2a62ygvsmgasildru,http://s42.ipcamlive.com/,https://s42.ipcamlive.com/streams/2a62ygvsmgasildru/stream.m3u8,NIE TESTOWANO,https://www.ipcamlive.com/court5mn,segment OK
ONLINE,court6mn,Court 6,obserwacyjna / obiekt,1920x1080,29.94,h264,20m93ge4hpd2qtns1,http://s32.ipcamlive.com/,https://s32.ipcamlive.com/streams/20m93ge4hpd2qtns1/stream.m3u8,NIE TESTOWANO,https://www.ipcamlive.com/court6mn,segment OK
ONLINE,court7mn,Court 7,obserwacyjna / obiekt,1920x1080,30.03,h264,85wldisi5pe0vjc3g,http://s133.ipcamlive.com/,https://s133.ipcamlive.com/streams/85wldisi5pe0vjc3g/stream.m3u8,NIE TESTOWANO,https://www.ipcamlive.com/court7mn,segment OK
ONLINE,court8mn,Court 8,obserwacyjna / obiekt,1920x1080,30.03,h264,57zh1yweyomixrsng,http://s87.ipcamlive.com/,https://s87.ipcamlive.com/streams/57zh1yweyomixrsng/stream.m3u8,NIE TESTOWANO,https://www.ipcamlive.com/court8mn,segment OK
ONLINE,courthouseplaza1,Courthouse Plaza,obserwacyjna / obiekt,1920x1080,10.00,h264,3bqfoiwx0saodkcne,http://s59.ipcamlive.com/,https://s59.ipcamlive.com/streams/3bqfoiwx0saodkcne/stream.m3u8,NIE TESTOWANO,https://www.ipcamlive.com/courthouseplaza1,segment OK
ONLINE,6671ba0eeb76c,Far Grass Parking,obserwacyjna / obiekt,1280x720,20.00,h264,05bgtvnpesc0gxjhz,http://s5.ipcamlive.com/,https://s5.ipcamlive.com/streams/05bgtvnpesc0gxjhz/stream.m3u8,NIE TESTOWANO,https://www.ipcamlive.com/6671ba0eeb76c,segment OK
ONLINE,ftolinquad,Florida Tech Olin Quad,obserwacyjna / obiekt,1920x1080,20.00,h264,1eiurqjkfwume1sh7,http://s30.ipcamlive.com/,https://s30.ipcamlive.com/streams/1eiurqjkfwume1sh7/stream.m3u8,NIE TESTOWANO,https://www.ipcamlive.com/ftolinquad,segment OK
ONLINE,fpnfield6,FPN Field 6,obserwacyjna / obiekt,1920x1080,25.00,h264,53dyffc48n9lrpkh3,http://s87.ipcamlive.com/,https://s87.ipcamlive.com/streams_storage/53dyffc48n9lrpkh3/stream.m3u8,NIE TESTOWANO,https://www.ipcamlive.com/fpnfield6,segment OK
ONLINE,653ca23ef3c05,GJ Pickleball Court Camera,obserwacyjna / obiekt,1440x1080,30.03,h264,04qskwpczhmjs6nw0,http://s4.ipcamlive.com/,https://s4.ipcamlive.com/streams/04qskwpczhmjs6nw0/stream.m3u8,NIE TESTOWANO,https://www.ipcamlive.com/653ca23ef3c05,segment OK
ONLINE,sthelenasolar,St. Helena Solar Construction,obserwacyjna / obiekt,1280x720,24.04,h264,75irlkfovtwmm1gr9,http://s117.ipcamlive.com/,https://s117.ipcamlive.com/streams/75irlkfovtwmm1gr9/stream.m3u8,NIE TESTOWANO,https://www.ipcamlive.com/sthelenasolar,segment OK
ONLINE,tennisbaan234,"Tennisbaan 2, 3 & 4",obserwacyjna / obiekt,1920x1080,6.25,h264,04cp2yiaixb08bnw9,http://s4.ipcamlive.com/,https://s4.ipcamlive.com/streams/04cp2yiaixb08bnw9/stream.m3u8,NIE TESTOWANO,https://www.ipcamlive.com/tennisbaan234,segment OK
ONLINE,5d3f788b1d403,Trilogy Pickleball Courts,obserwacyjna / obiekt,640x480,10.00,h264,73duqa9bm3hsc6x7g,http://s115.ipcamlive.com/,https://s115.ipcamlive.com/streams/73duqa9bm3hsc6x7g/stream.m3u8,NIE TESTOWANO,https://www.ipcamlive.com/5d3f788b1d403,segment OK
ONLINE,628285401b84e,Woodstock Tennis Club,obserwacyjna / obiekt,1280x720,20.00,h264,9ejurd5qehgmotuym,http://s158.ipcamlive.com/,https://s158.ipcamlive.com/streams/9ejurd5qehgmotuym/stream.m3u8,NIE TESTOWANO,https://www.ipcamlive.com/628285401b84e,segment OK
ONLINE,64a202e285e55,Harmony Grove Village Weather,pogoda,640x480,10.00,h264,6dodh3fllxqugqmvm,http://s109.ipcamlive.com/,https://s109.ipcamlive.com/streams/6dodh3fllxqugqmvm/stream.m3u8,OFFLINE,https://www.ipcamlive.com/64a202e285e55,segment OK
ONLINE,620aa4f7afb84,Sunset Cam,pogoda,1920x1080,2.53,h264,a1go7bc6yqetb5os0,http://s161.ipcamlive.com/,https://s161.ipcamlive.com/streams/a1go7bc6yqetb5os0/stream.m3u8,NIE TESTOWANO,https://www.ipcamlive.com/620aa4f7afb84,segment OK
ONLINE,sdwxcam,USA - Stuarts Draft Weather,pogoda,1280x720,9.99,h264,9botmzgyn1siejpxd,http://s155.ipcamlive.com/,https://s155.ipcamlive.com/streams/9botmzgyn1siejpxd/stream.m3u8,ONLINE,https://www.ipcamlive.com/sdwxcam,segment OK
ONLINE,5bfd8be9978fc,Weather Cam,pogoda,1280x720,16.67,h264,85krxeczjitbuzgup,http://s133.ipcamlive.com/,https://s133.ipcamlive.com/streams/85krxeczjitbuzgup/stream.m3u8,ONLINE,https://www.ipcamlive.com/5bfd8be9978fc,segment OK
ONLINE,cenospreycam,Centerville Elementary School Osprey Camera,zwierzęta / natura,640x480,14.93,h264,3bh8trwcbqfapg75w,http://s59.ipcamlive.com/,https://s59.ipcamlive.com/streams/3bh8trwcbqfapg75w/stream.m3u8,NIE TESTOWANO,https://www.ipcamlive.com/cenospreycam,segment OK
ONLINE,690502b51ba36,Gaylord Elk View Park,zwierzęta / natura,3840x2160,26.09,h265,5cjtkyrczq5mqudoc,http://s92.ipcamlive.com/,https://s92.ipcamlive.com/streams/5cjtkyrczq5mqudoc/stream.m3u8,NIE TESTOWANO,https://www.ipcamlive.com/690502b51ba36,segment OK
ONLINE,otters,Kamera wydr,zwierzęta / natura,704x576,25.00,h264,99gytwmuoyq8fdezp,http://s153.ipcamlive.com/,https://s153.ipcamlive.com/streams/99gytwmuoyq8fdezp/stream.m3u8,OFFLINE,https://www.ipcamlive.com/otters,segment OK
OFFLINE,beavercreeklodge,Beaver Creek Lodge,góry / narty,,,,,http://s32.ipcamlive.com/,,NIE TESTOWANO,https://www.ipcamlive.com/beavercreeklodge,IPCamLive zgłasza offline
OFFLINE,vihtiskicenter2,Finlandia - Vihti Ski Center,góry / narty,,,,,http://s149.ipcamlive.com/,,OFFLINE,https://www.ipcamlive.com/vihtiskicenter2,IPCamLive zgłasza offline
OFFLINE,67bef40e37f05,Snow,góry / narty,,,,,http://s75.ipcamlive.com/,,NIE TESTOWANO,https://www.ipcamlive.com/67bef40e37f05,IPCamLive zgłasza offline
OFFLINE,inbound1,APMT ingate,inne,,,,,http://s27.ipcamlive.com/,,NIE TESTOWANO,https://www.ipcamlive.com/inbound1,IPCamLive zgłasza offline
OFFLINE,broadway1a,Broadway Camera 1,inne,,,,,http://s100.ipcamlive.com/,,NIE TESTOWANO,https://www.ipcamlive.com/broadway1a,IPCamLive zgłasza offline
OFFLINE,hotelelegance,Bułgaria - Nesebyr,inne,,,,,http://s168.ipcamlive.com/,,OFFLINE,https://www.ipcamlive.com/hotelelegance,IPCamLive zgłasza offline
OFFLINE,camp48a,camp48a,inne,,,,,http://s168.ipcamlive.com/,,NIE TESTOWANO,https://www.ipcamlive.com/camp48a,IPCamLive zgłasza offline
OFFLINE,cazinoconstantadome,Cazino Constanta Camera 1,inne,,,,,http://s74.ipcamlive.com/,,NIE TESTOWANO,https://www.ipcamlive.com/cazinoconstantadome,IPCamLive zgłasza offline
OFFLINE,crisnjevo,Crisnjevo,inne,,,,,http://s24.ipcamlive.com/,,NIE TESTOWANO,https://www.ipcamlive.com/crisnjevo,IPCamLive zgłasza offline
OFFLINE,67226b35a1d9a,Deck Cam,inne,,,,,http://s54.ipcamlive.com/,,NIE TESTOWANO,https://www.ipcamlive.com/67226b35a1d9a,IPCamLive zgłasza offline
OFFLINE,discoverypassage,Discovery Passage,inne,,,,,http://s47.ipcamlive.com/,,NIE TESTOWANO,https://www.ipcamlive.com/discoverypassage,IPCamLive zgłasza offline
OFFLINE,rayol,Francja - Plage du Canadel,inne,,,,,http://s169.ipcamlive.com/,,OFFLINE,https://www.ipcamlive.com/rayol,IPCamLive zgłasza offline
OFFLINE,5fcee202dbecb,GCIC Bldg Live Guam Cam South,inne,,,,,http://s103.ipcamlive.com/,,NIE TESTOWANO,https://www.ipcamlive.com/5fcee202dbecb,IPCamLive zgłasza offline
OFFLINE,664206ddb66f4,Grecja - Kleitoria - plac,inne,,,,,http://s168.ipcamlive.com/,,OFFLINE,https://www.ipcamlive.com/664206ddb66f4,IPCamLive zgłasza offline
OFFLINE,dagilberto,Grecja - Rodos,inne,,,,,http://s31.ipcamlive.com/,,ONLINE,https://www.ipcamlive.com/dagilberto,IPCamLive zgłasza offline
OFFLINE,hotelbaia,"Hotel Baía, Cascais",inne,,,,,http://s4.ipcamlive.com/,,NIE TESTOWANO,https://www.ipcamlive.com/hotelbaia,IPCamLive zgłasza offline
OFFLINE,hotelcharn,Hotel Charn,inne,,,,,http://s148.ipcamlive.com/,,NIE TESTOWANO,https://www.ipcamlive.com/hotelcharn,IPCamLive zgłasza offline
OFFLINE,kdfmcam0001,kdfmcam0001,inne,,,,,http://s73.ipcamlive.com/,,NIE TESTOWANO,https://www.ipcamlive.com/kdfmcam0001,IPCamLive zgłasza offline
OFFLINE,lccexpansion,LCC Expansion,inne,,,,,http://s56.ipcamlive.com/,,NIE TESTOWANO,https://www.ipcamlive.com/lccexpansion,IPCamLive zgłasza offline
OFFLINE,lodowiskoslupna,Lodowisko Park Słupna,inne,,,,,http://s29.ipcamlive.com/,,NIE TESTOWANO,https://www.ipcamlive.com/lodowiskoslupna,IPCamLive zgłasza offline
OFFLINE,mediterraneo,Mediterraneo,inne,,,,,http://s68.ipcamlive.com/,,NIE TESTOWANO,https://www.ipcamlive.com/mediterraneo,IPCamLive zgłasza offline
OFFLINE,5ce3a15e49e58,Morningstar North,inne,,,,,http://s173.ipcamlive.com/,,NIE TESTOWANO,https://www.ipcamlive.com/5ce3a15e49e58,IPCamLive zgłasza offline
OFFLINE,rampa,Nautilus,inne,,,,,http://s27.ipcamlive.com/,,NIE TESTOWANO,https://www.ipcamlive.com/rampa,IPCamLive zgłasza offline
OFFLINE,oleanderhotel,Oleander Hotel,inne,,,,,http://s75.ipcamlive.com/,,NIE TESTOWANO,https://www.ipcamlive.com/oleanderhotel,IPCamLive zgłasza offline
OFFLINE,ozogolfclub,Ozo Golf Club,inne,,,,,http://s44.ipcamlive.com/,,ONLINE,https://www.ipcamlive.com/ozogolfclub,IPCamLive zgłasza offline
OFFLINE,bukowachata,Polska - Jugów - Góry Sowie,inne,,,,,http://s2.ipcamlive.com/,,OFFLINE,https://www.ipcamlive.com/bukowachata,IPCamLive zgłasza offline
OFFLINE,54ae2a16d83aa,Pool Cam,inne,,,,,http://s79.ipcamlive.com/,,NIE TESTOWANO,https://www.ipcamlive.com/54ae2a16d83aa,IPCamLive zgłasza offline
OFFLINE,5c16c05e849d0,Public IPCamLive camera,inne,,,,,http://s33.ipcamlive.com/,,NIE TESTOWANO,https://www.ipcamlive.com/5c16c05e849d0,IPCamLive zgłasza offline
OFFLINE,5a05c9d7a53a2,Public IPCamLive page,inne,,,,,http://s29.ipcamlive.com/,,NIE TESTOWANO,https://www.ipcamlive.com/5a05c9d7a53a2,IPCamLive zgłasza offline
OFFLINE,5a71a710c48ae,Public IPCamLive page,inne,,,,,http://s58.ipcamlive.com/,,NIE TESTOWANO,https://www.ipcamlive.com/5a71a710c48ae,IPCamLive zgłasza offline
OFFLINE,5a8f2c6c318d9,Public IPCamLive page,inne,,,,,http://s91.ipcamlive.com/,,NIE TESTOWANO,https://www.ipcamlive.com/5a8f2c6c318d9,IPCamLive zgłasza offline
OFFLINE,5f4e1830b2e6b,Public IPCamLive page,inne,,,,,http://s2.ipcamlive.com/,,NIE TESTOWANO,https://www.ipcamlive.com/5f4e1830b2e6b,IPCamLive zgłasza offline
OFFLINE,6408453972b9f,Public IPCamLive page,inne,,,,,http://s76.ipcamlive.com/,,NIE TESTOWANO,https://www.ipcamlive.com/6408453972b9f,IPCamLive zgłasza offline
OFFLINE,67ec4188e5add,Public IPCamLive page,inne,,,,,http://s154.ipcamlive.com/,,NIE TESTOWANO,https://www.ipcamlive.com/67ec4188e5add,IPCamLive zgłasza offline
OFFLINE,686e4ed435ab6,Public IPCamLive page,inne,,,,,http://s21.ipcamlive.com/,,NIE TESTOWANO,https://www.ipcamlive.com/686e4ed435ab6,IPCamLive zgłasza offline
OFFLINE,687610ea2603d,Public IPCamLive page,inne,,,,,http://s154.ipcamlive.com/,,NIE TESTOWANO,https://www.ipcamlive.com/687610ea2603d,IPCamLive zgłasza offline
OFFLINE,59df5aab354de,Public IPCamLive player page,inne,,,,,http://s91.ipcamlive.com/,,NIE TESTOWANO,https://www.ipcamlive.com/59df5aab354de,IPCamLive zgłasza offline
OFFLINE,puppycam1,Puppy Cam 1,inne,,,,,http://s100.ipcamlive.com/,,NIE TESTOWANO,https://www.ipcamlive.com/puppycam1,IPCamLive zgłasza offline
OFFLINE,5bc65dffa9fa8,RPOA Pool Cam,inne,,,,,http://s125.ipcamlive.com/,,NIE TESTOWANO,https://www.ipcamlive.com/5bc65dffa9fa8,IPCamLive zgłasza offline
OFFLINE,saliste2,Rumunia - Saliste - Piata Junilor,inne,,,,,http://s2.ipcamlive.com/,,OFFLINE,https://www.ipcamlive.com/saliste2,IPCamLive zgłasza offline
OFFLINE,seymourloadoutwest,Seymour Loadout West,inne,,,,,http://s155.ipcamlive.com/,,NIE TESTOWANO,https://www.ipcamlive.com/seymourloadoutwest,IPCamLive zgłasza offline
OFFLINE,crannychurch,St Marys Church,inne,,,,,http://s74.ipcamlive.com/,,NIE TESTOWANO,https://www.ipcamlive.com/crannychurch,IPCamLive zgłasza offline
OFFLINE,551011cd5abd5,"Stork Webcam Eitminiskes, Lithuania",inne,,,,,http://s75.ipcamlive.com/,,NIE TESTOWANO,https://www.ipcamlive.com/551011cd5abd5,IPCamLive zgłasza offline
OFFLINE,60a827ec8277b,Szkocja - Fairlie Coastal Oyster Cam,inne,,,,,http://s43.ipcamlive.com/,,OFFLINE,https://www.ipcamlive.com/60a827ec8277b,IPCamLive zgłasza offline
OFFLINE,5fa166211b9a5,Tórshavn,inne,,,,,http://s46.ipcamlive.com/,,NIE TESTOWANO,https://www.ipcamlive.com/5fa166211b9a5,IPCamLive zgłasza offline
OFFLINE,villadianacroatia,Villa Diana Croatia,inne,,,,,http://s31.ipcamlive.com/,,NIE TESTOWANO,https://www.ipcamlive.com/villadianacroatia,IPCamLive zgłasza offline
OFFLINE,53f1a5f94b1d0,Węgry - Dombóvár,inne,,,,,http://s3.ipcamlive.com/,,OFFLINE,https://www.ipcamlive.com/53f1a5f94b1d0,IPCamLive zgłasza offline
OFFLINE,59b196fb5acdb,Węgry - Fedemes,inne,,,,,http://s25.ipcamlive.com/,,OFFLINE,https://www.ipcamlive.com/59b196fb5acdb,IPCamLive zgłasza offline
OFFLINE,lidosiriowebcam,Włochy - Gaeta - Lido Sirio,inne,,,,,http://s55.ipcamlive.com/,,OFFLINE,https://www.ipcamlive.com/lidosiriowebcam,IPCamLive zgłasza offline
OFFLINE,zimakcernosice,Zimní stadion Černošice,inne,,,,,http://s27.ipcamlive.com/,,NIE TESTOWANO,https://www.ipcamlive.com/zimakcernosice,IPCamLive zgłasza offline
OFFLINE,6064ac4276104,Bułgaria - Burgas - jezioro,jezioro / rzeka,,,,,http://s24.ipcamlive.com/,,OFFLINE,https://www.ipcamlive.com/6064ac4276104,IPCamLive zgłasza offline
OFFLINE,lakeviewlakecam,USA - Lake View,jezioro / rzeka,,,,,http://s126.ipcamlive.com/,,OFFLINE,https://www.ipcamlive.com/lakeviewlakecam,IPCamLive zgłasza offline
OFFLINE,snowcam1,USA - Lost Lake Woods,jezioro / rzeka,,,,,http://s93.ipcamlive.com/,,ONLINE,https://www.ipcamlive.com/snowcam1,IPCamLive zgłasza offline
OFFLINE,69c2eaaa29eb3,USA - Wicomico River,jezioro / rzeka,,,,,http://s157.ipcamlive.com/,,OFFLINE,https://www.ipcamlive.com/69c2eaaa29eb3,IPCamLive zgłasza offline
OFFLINE,667166e35c208,Aero Club - Fuel Bowser North,lotnisko / aeroklub,,,,,http://s46.ipcamlive.com/,,NIE TESTOWANO,https://www.ipcamlive.com/667166e35c208,IPCamLive zgłasza offline
OFFLINE,ulmest,Aérodrome de Coulommiers - ULM Paris Est,lotnisko / aeroklub,,,,,http://s153.ipcamlive.com/,,NIE TESTOWANO,https://www.ipcamlive.com/ulmest,IPCamLive zgłasza offline
OFFLINE,658F2655F2B46,Aérodrome Paul Gorce - windsock,lotnisko / aeroklub,,,,,http://s64.ipcamlive.com/,,NIE TESTOWANO,https://www.ipcamlive.com/658F2655F2B46,IPCamLive zgłasza offline
OFFLINE,airportbrac,Chorwacja - lotnisko Brac,lotnisko / aeroklub,,,,,http://s110.ipcamlive.com/,,OFFLINE,https://www.ipcamlive.com/airportbrac,IPCamLive zgłasza offline
OFFLINE,lolkrw12,LOLK Runway 12,lotnisko / aeroklub,,,,,http://s68.ipcamlive.com/,,NIE TESTOWANO,https://www.ipcamlive.com/lolkrw12,IPCamLive zgłasza offline
OFFLINE,panorama,Comune di Gioiosa Marea - panorama,miasto / panorama,,,,,http://s64.ipcamlive.com/,,NIE TESTOWANO,https://www.ipcamlive.com/panorama,IPCamLive zgłasza offline
OFFLINE,plazaconstituciontotana,Totana - Plaza Constitución,miasto / panorama,,,,,http://s61.ipcamlive.com/,,NIE TESTOWANO,https://www.ipcamlive.com/plazaconstituciontotana,IPCamLive zgłasza offline
OFFLINE,bridgebay,USA - Bridge Bay - Shasta Lake,miasto / panorama,,,,,http://s60.ipcamlive.com/,,OFFLINE,https://www.ipcamlive.com/bridgebay,IPCamLive zgłasza offline
OFFLINE,553a793a5bf5c,"49th Street South, Gulfport Florida",morze / port / plaża,,,,,http://s36.ipcamlive.com/,,NIE TESTOWANO,https://www.ipcamlive.com/553a793a5bf5c,IPCamLive zgłasza offline
OFFLINE,beach,BayBlessed Beach,morze / port / plaża,,,,,http://s36.ipcamlive.com/,,NIE TESTOWANO,https://www.ipcamlive.com/beach,IPCamLive zgłasza offline
OFFLINE,6054feb9d0d56,Beachcomber Speed Alley View,morze / port / plaża,,,,,http://s111.ipcamlive.com/,,NIE TESTOWANO,https://www.ipcamlive.com/6054feb9d0d56,IPCamLive zgłasza offline
OFFLINE,671b758ee7dc6,Club Cala Gamba,morze / port / plaża,,,,,http://s1.ipcamlive.com/,,NIE TESTOWANO,https://www.ipcamlive.com/671b758ee7dc6,IPCamLive zgłasza offline
OFFLINE,escanaibiza,Es Cana Ibiza,morze / port / plaża,,,,,http://s43.ipcamlive.com/,,NIE TESTOWANO,https://www.ipcamlive.com/escanaibiza,IPCamLive zgłasza offline
OFFLINE,rethymnocityhall2,Marina2 - Rethymno,morze / port / plaża,,,,,http://s3.ipcamlive.com/,,NIE TESTOWANO,https://www.ipcamlive.com/rethymnocityhall2,IPCamLive zgłasza offline
OFFLINE,mbhrooftopcamera,Monterey Beach Hotel,morze / port / plaża,,,,,http://s152.ipcamlive.com/,,NIE TESTOWANO,https://www.ipcamlive.com/mbhrooftopcamera,IPCamLive zgłasza offline
OFFLINE,65f00024400d7,Nahariya - molo/plaża 2,morze / port / plaża,,,,,http://s27.ipcamlive.com/,,NIE TESTOWANO,https://www.ipcamlive.com/65f00024400d7,IPCamLive zgłasza offline
OFFLINE,pdrbridgeweather,Portoryko - Puerto Del Rey,morze / port / plaża,,,,,http://s112.ipcamlive.com/,,OFFLINE,https://www.ipcamlive.com/pdrbridgeweather,IPCamLive zgłasza offline
OFFLINE,sunbayulstimate,Portoryko - Sunbay Marina,morze / port / plaża,,,,,http://s90.ipcamlive.com/,,OFFLINE,https://www.ipcamlive.com/sunbayulstimate,IPCamLive zgłasza offline
OFFLINE,nahoonbeach0sw0low,RPA - Nahoon Beach,morze / port / plaża,,,,,http://s46.ipcamlive.com/,,OFFLINE,https://www.ipcamlive.com/nahoonbeach0sw0low,IPCamLive zgłasza offline
OFFLINE,662e60647a0a5,Szkocja - Tayport Harbour 360,morze / port / plaża,,,,,http://s4.ipcamlive.com/,,OFFLINE,https://www.ipcamlive.com/662e60647a0a5,IPCamLive zgłasza offline
OFFLINE,merlinbeach,Tajlandia - Phuket - Tri-Trang Beach,morze / port / plaża,,,,,http://s40.ipcamlive.com/,,OFFLINE,https://www.ipcamlive.com/merlinbeach,IPCamLive zgłasza offline
OFFLINE,webcam,Webcam Beach,morze / port / plaża,,,,,http://s74.ipcamlive.com/,,NIE TESTOWANO,https://www.ipcamlive.com/webcam,IPCamLive zgłasza offline
OFFLINE,5b5221570c4c1,Publiczna strona IPCamLive - nazwa nieznana,nieznana,,,,,http://s80.ipcamlive.com/,,NIE TESTOWANO,https://www.ipcamlive.com/5b5221570c4c1,IPCamLive zgłasza offline
OFFLINE,5b86f190305f0,Publiczna strona IPCamLive - nazwa nieznana,nieznana,,,,,http://s135.ipcamlive.com/,,NIE TESTOWANO,https://www.ipcamlive.com/5b86f190305f0,IPCamLive zgłasza offline
OFFLINE,5d49d4bb1820c,Publiczna strona IPCamLive - nazwa nieznana,nieznana,,,,,http://s171.ipcamlive.com/,,NIE TESTOWANO,https://www.ipcamlive.com/5d49d4bb1820c,IPCamLive zgłasza offline
OFFLINE,5def711f441fc,Publiczna strona IPCamLive - nazwa nieznana,nieznana,,,,,http://s43.ipcamlive.com/,,NIE TESTOWANO,https://www.ipcamlive.com/5def711f441fc,IPCamLive zgłasza offline
OFFLINE,5e42f822b2e45,Publiczna strona IPCamLive - nazwa nieznana,nieznana,,,,,http://s149.ipcamlive.com/,,NIE TESTOWANO,https://www.ipcamlive.com/5e42f822b2e45,IPCamLive zgłasza offline
OFFLINE,5e9094a5ea30e,Publiczna strona IPCamLive - nazwa nieznana,nieznana,,,,,http://s42.ipcamlive.com/,,NIE TESTOWANO,https://www.ipcamlive.com/5e9094a5ea30e,IPCamLive zgłasza offline
OFFLINE,5eaaa2be7479e,Publiczna strona IPCamLive - nazwa nieznana,nieznana,,,,,http://s169.ipcamlive.com/,,NIE TESTOWANO,https://www.ipcamlive.com/5eaaa2be7479e,IPCamLive zgłasza offline
OFFLINE,5f210b013704e,Publiczna strona IPCamLive - nazwa nieznana,nieznana,,,,,http://s31.ipcamlive.com/,,NIE TESTOWANO,https://www.ipcamlive.com/5f210b013704e,IPCamLive zgłasza offline
OFFLINE,5f24192903bf5,Publiczna strona IPCamLive - nazwa nieznana,nieznana,,,,,http://s91.ipcamlive.com/,,NIE TESTOWANO,https://www.ipcamlive.com/5f24192903bf5,IPCamLive zgłasza offline
OFFLINE,5f99470d11f4a,Publiczna strona IPCamLive - nazwa nieznana,nieznana,,,,,http://s68.ipcamlive.com/,,NIE TESTOWANO,https://www.ipcamlive.com/5f99470d11f4a,IPCamLive zgłasza offline
OFFLINE,62a24340ea224,Publiczna strona IPCamLive - nazwa nieznana,nieznana,,,,,http://s139.ipcamlive.com/,,NIE TESTOWANO,https://www.ipcamlive.com/62a24340ea224,IPCamLive zgłasza offline
OFFLINE,653f99c55d846,Publiczna strona IPCamLive - nazwa nieznana,nieznana,,,,,http://s24.ipcamlive.com/,,NIE TESTOWANO,https://www.ipcamlive.com/653f99c55d846,IPCamLive zgłasza offline
OFFLINE,65b26e097e15e,Publiczna strona IPCamLive - nazwa nieznana,nieznana,,,,,http://s1.ipcamlive.com/,,NIE TESTOWANO,https://www.ipcamlive.com/65b26e097e15e,IPCamLive zgłasza offline
OFFLINE,5ded8825acf7a,Publiczny player IPCamLive - kamera niedostępna w indeksie,nieznana,,,,,http://s124.ipcamlive.com/,,NIE TESTOWANO,https://www.ipcamlive.com/5ded8825acf7a,IPCamLive zgłasza offline
OFFLINE,6565f22ea1bcc,Publiczny player IPCamLive - nazwa nieznana,nieznana,,,,,http://s173.ipcamlive.com/,,NIE TESTOWANO,https://www.ipcamlive.com/6565f22ea1bcc,IPCamLive zgłasza offline
OFFLINE,66520213e4069,Aerodrome Paul Gorce - Ambert - Parking,obserwacyjna / obiekt,,,,,http://s170.ipcamlive.com/,,NIE TESTOWANO,https://www.ipcamlive.com/66520213e4069,IPCamLive zgłasza offline
OFFLINE,bimsparkinglot,BIMS Parking Lot,obserwacyjna / obiekt,,,,,http://s54.ipcamlive.com/,,NIE TESTOWANO,https://www.ipcamlive.com/bimsparkinglot,IPCamLive zgłasza offline
OFFLINE,5a6a833aa419e,Court 2,obserwacyjna / obiekt,,,,,http://s93.ipcamlive.com/,,NIE TESTOWANO,https://www.ipcamlive.com/5a6a833aa419e,IPCamLive zgłasza offline
OFFLINE,5c543ab65e946,Court 3,obserwacyjna / obiekt,,,,,http://s52.ipcamlive.com/,,NIE TESTOWANO,https://www.ipcamlive.com/5c543ab65e946,IPCamLive zgłasza offline
OFFLINE,5d3a8b80f2977,Mercer Chamber - Parking Lot/Public WIFI,obserwacyjna / obiekt,,,,,http://s135.ipcamlive.com/,,NIE TESTOWANO,https://www.ipcamlive.com/5d3a8b80f2977,IPCamLive zgłasza offline
OFFLINE,54ae29c3820c0,Pool Patio,obserwacyjna / obiekt,,,,,http://s79.ipcamlive.com/,,NIE TESTOWANO,https://www.ipcamlive.com/54ae29c3820c0,IPCamLive zgłasza offline
OFFLINE,scconstructioncamera1,SC Construction Camera 1,obserwacyjna / obiekt,,,,,http://s164.ipcamlive.com/,,NIE TESTOWANO,https://www.ipcamlive.com/scconstructioncamera1,IPCamLive zgłasza offline
OFFLINE,seven,SEVEN CAFE,obserwacyjna / obiekt,,,,,http://s43.ipcamlive.com/,,NIE TESTOWANO,https://www.ipcamlive.com/seven,IPCamLive zgłasza offline
OFFLINE,tenniscourt1,Tennis Court 1,obserwacyjna / obiekt,,,,,http://s65.ipcamlive.com/,,NIE TESTOWANO,https://www.ipcamlive.com/tenniscourt1,IPCamLive zgłasza offline
OFFLINE,tenniscourt5,Tennis Court 5,obserwacyjna / obiekt,,,,,http://s65.ipcamlive.com/,,NIE TESTOWANO,https://www.ipcamlive.com/tenniscourt5,IPCamLive zgłasza offline
OFFLINE,644e316350948,Wyspy Owcze - kamera pogodowa,pogoda,,,,,http://s44.ipcamlive.com/,,OFFLINE,https://www.ipcamlive.com/644e316350948,IPCamLive zgłasza offline
OFFLINE,qefpbirdfeeder,Bird Feeder,zwierzęta / natura,,,,,http://s171.ipcamlive.com/,,NIE TESTOWANO,https://www.ipcamlive.com/qefpbirdfeeder,IPCamLive zgłasza offline
OFFLINE,643a55feb8213,CentrálÉtterem - kamera bocianów,zwierzęta / natura,,,,,http://s4.ipcamlive.com/,,NIE TESTOWANO,https://www.ipcamlive.com/643a55feb8213,IPCamLive zgłasza offline
OFFLINE,hotelkalle,Estonia - Ontika - bocian,zwierzęta / natura,,,,,http://s173.ipcamlive.com/,,OFFLINE,https://www.ipcamlive.com/hotelkalle,IPCamLive zgłasza offline
OFFLINE,margocam,Margo Waterhole,zwierzęta / natura,,,,,http://s75.ipcamlive.com/,,NIE TESTOWANO,https://www.ipcamlive.com/margocam,IPCamLive zgłasza offline
OFFLINE,pszczoly,pszczoly.tv,zwierzęta / natura,,,,,http://s74.ipcamlive.com/,,NIE TESTOWANO,https://www.ipcamlive.com/pszczoly,IPCamLive zgłasza offline
OFFLINE,oldsaybrook,USA - Old Saybrook - rybołów,zwierzęta / natura,,,,,http://s133.ipcamlive.com/,,ONLINE,https://www.ipcamlive.com/oldsaybrook,IPCamLive zgłasza offline
BRAK/BŁĄD,615eaf594fe2,Hiszpania - Jávea Golf,inne,,,,,,,BŁĄD/JSON,https://www.ipcamlive.com/615eaf594fe2,JSONDecodeError: JSONDecodeError
BRAK/BŁĄD,687183e549d5c,Home Backyard,inne,,,,,,,NIE TESTOWANO,https://www.ipcamlive.com/687183e549d5c,JSONDecodeError: JSONDecodeError
BRAK/BŁĄD,puppycamextra,Puppy Cam 2,inne,,,,,,,NIE TESTOWANO,https://www.ipcamlive.com/puppycamextra,JSONDecodeError: JSONDecodeError
BRAK/BŁĄD,sotiritsanorth,Sotiritsa North,inne,,,,,,,NIE TESTOWANO,https://www.ipcamlive.com/sotiritsanorth,JSONDecodeError: JSONDecodeError
BRAK/BŁĄD,louisvillesailing,USA - Louisville Sailing Club,inne,,,,,,,BŁĄD/JSON,https://www.ipcamlive.com/louisvillesailing,JSONDecodeError: JSONDecodeError
BRAK/BŁĄD,panoramawebcam,Campora San Giovanni - panorama,miasto / panorama,,,,,,,NIE TESTOWANO,https://www.ipcamlive.com/panoramawebcam,JSONDecodeError: JSONDecodeError
BRAK/BŁĄD,65ba5f490642d,Maranatha Michigan Beach Cam,morze / port / plaża,,,,,,,NIE TESTOWANO,https://www.ipcamlive.com/65ba5f490642d,JSONDecodeError: JSONDecodeError
BRAK/BŁĄD,67cc3bc071cf6,Publiczna strona IPCamLive - nazwa nieznana,nieznana,,,,,,,NIE TESTOWANO,https://www.ipcamlive.com/67cc3bc071cf6,JSONDecodeError: JSONDecodeError
BRAK/BŁĄD,parkinglot1,Coral Stone Club - Parking Lot Cam 1,obserwacyjna / obiekt,,,,,,,NIE TESTOWANO,https://www.ipcamlive.com/parkinglot1,JSONDecodeError: JSONDecodeError
