zachować,alias,nazwa,typ,status_z_ostatniego_testu,adres_strony,grupa
,znpvkamera2,Słowenia - Planina nad Vrhniko,góry / narty,ONLINE,https://www.ipcamlive.com/znpvkamera2,wcześniej testowane
,63cb127a0a4f9,USA - Royal Mountain,góry / narty,ONLINE,https://www.ipcamlive.com/63cb127a0a4f9,wcześniej testowane
,cedarcoveresort,Cedar Cove Resort,inne,ONLINE,https://www.ipcamlive.com/cedarcoveresort,wcześniej testowane
,kovacine,Chorwacja - Kovacine,inne,ONLINE,https://www.ipcamlive.com/kovacine,wcześniej testowane
,otport,Francja - Saintes-Maries-de-la-Mer,inne,ONLINE,https://www.ipcamlive.com/otport,wcześniej testowane
,dagilberto,Grecja - Rodos,inne,ONLINE,https://www.ipcamlive.com/dagilberto,wcześniej testowane
,laurelwoodgreen,Laurelwood Golf - green,inne,ONLINE,https://www.ipcamlive.com/laurelwoodgreen,wcześniej testowane
,ozogolfclub,Ozo Golf Club,inne,ONLINE,https://www.ipcamlive.com/ozogolfclub,wcześniej testowane
,64543e68da21a,USA - Pine Grove Resort,inne,ONLINE,https://www.ipcamlive.com/64543e68da21a,wcześniej testowane
,campingondina,Włochy - Cervo - Camping Ondina,inne,ONLINE,https://www.ipcamlive.com/campingondina,wcześniej testowane
,62da90f20979d,Włochy - Ischia - Maronti,inne,ONLINE,https://www.ipcamlive.com/62da90f20979d,wcześniej testowane
,riminieyecom,Włochy - Rimini,inne,ONLINE,https://www.ipcamlive.com/riminieyecom,wcześniej testowane
,57053402af5ea,Botswana - Chobe River,jezioro / rzeka,ONLINE,https://www.ipcamlive.com/57053402af5ea,wcześniej testowane
,rorc,Rileys River Cam,jezioro / rzeka,ONLINE,https://www.ipcamlive.com/rorc,wcześniej testowane
,snowcam1,USA - Lost Lake Woods,jezioro / rzeka,ONLINE,https://www.ipcamlive.com/snowcam1,wcześniej testowane
,laurelwoodview,Laurelwood Golf - panorama,miasto / panorama,ONLINE,https://www.ipcamlive.com/laurelwoodview,wcześniej testowane
,wiezowieczachod,Polska - Bolesławiec - panorama,miasto / panorama,ONLINE,https://www.ipcamlive.com/wiezowieczachod,wcześniej testowane
,cotswold,Anglia - Cotswold Airport,morze / port / plaża,ONLINE,https://www.ipcamlive.com/cotswold,wcześniej testowane
,6654f97b9fdf3,Anglia - Pagham Beach,morze / port / plaża,ONLINE,https://www.ipcamlive.com/6654f97b9fdf3,wcześniej testowane
,69421e5731fe2,Australia - Darwin Harbour,morze / port / plaża,ONLINE,https://www.ipcamlive.com/69421e5731fe2,wcześniej testowane
,6149f4deaa509,Hiszpania - Llafranc - plaża,morze / port / plaża,ONLINE,https://www.ipcamlive.com/6149f4deaa509,wcześniej testowane
,6149f4976134f,Hiszpania - Llafranc - port,morze / port / plaża,ONLINE,https://www.ipcamlive.com/6149f4976134f,wcześniej testowane
,porttorre,Hiszpania - Port Torredembarra,morze / port / plaża,ONLINE,https://www.ipcamlive.com/porttorre,wcześniej testowane
,6690f8f74882c,RPA - Ladysmith Airport,morze / port / plaża,ONLINE,https://www.ipcamlive.com/6690f8f74882c,wcześniej testowane
,belcekizbeachclub,Turcja - Belcekiz Beach,morze / port / plaża,ONLINE,https://www.ipcamlive.com/belcekizbeachclub,wcześniej testowane
,5thavebeach,USA - 5th Avenue Beach,morze / port / plaża,ONLINE,https://www.ipcamlive.com/5thavebeach,wcześniej testowane
,572100e287461,USA - Bay Head Yacht Club,morze / port / plaża,ONLINE,https://www.ipcamlive.com/572100e287461,wcześniej testowane
,sandpipercovebeach,USA - Sandpiper Cove Beach,morze / port / plaża,ONLINE,https://www.ipcamlive.com/sandpipercovebeach,wcześniej testowane
,acb92fbd0c3c,USA - Seneca Lake Pier,morze / port / plaża,ONLINE,https://www.ipcamlive.com/acb92fbd0c3c,wcześniej testowane
,62fe39146c821,USA - Stone Harbor Beach South,morze / port / plaża,ONLINE,https://www.ipcamlive.com/62fe39146c821,wcześniej testowane
,647220b9d946a,USA - Stone Harbor Yacht Club,morze / port / plaża,ONLINE,https://www.ipcamlive.com/647220b9d946a,wcześniej testowane
,jky47s3rdft73mek111a,USA - Ventura Harbor Entrance,morze / port / plaża,ONLINE,https://www.ipcamlive.com/jky47s3rdft73mek111a,wcześniej testowane
,lidosparesort,Włochy - Albissola Marina,morze / port / plaża,ONLINE,https://www.ipcamlive.com/lidosparesort,wcześniej testowane
,hotelgabriella,Włochy - Diano Marina,morze / port / plaża,ONLINE,https://www.ipcamlive.com/hotelgabriella,wcześniej testowane
,sdwxcam,USA - Stuarts Draft Weather,pogoda,ONLINE,https://www.ipcamlive.com/sdwxcam,wcześniej testowane
,5bfd8be9978fc,Weather Cam,pogoda,ONLINE,https://www.ipcamlive.com/5bfd8be9978fc,wcześniej testowane
,oldsaybrook,USA - Old Saybrook - rybołów,zwierzęta / natura,ONLINE,https://www.ipcamlive.com/oldsaybrook,wcześniej testowane
,vihtiskicenter2,Finlandia - Vihti Ski Center,góry / narty,OFFLINE,https://www.ipcamlive.com/vihtiskicenter2,wcześniej testowane
,hotelelegance,Bułgaria - Nesebyr,inne,OFFLINE,https://www.ipcamlive.com/hotelelegance,wcześniej testowane
,rayol,Francja - Plage du Canadel,inne,OFFLINE,https://www.ipcamlive.com/rayol,wcześniej testowane
,664206ddb66f4,Grecja - Kleitoria - plac,inne,OFFLINE,https://www.ipcamlive.com/664206ddb66f4,wcześniej testowane
,falken,Kamera sokołów,inne,OFFLINE,https://www.ipcamlive.com/falken,wcześniej testowane
,bukowachata,Polska - Jugów - Góry Sowie,inne,OFFLINE,https://www.ipcamlive.com/bukowachata,wcześniej testowane
,saliste2,Rumunia - Saliste - Piata Junilor,inne,OFFLINE,https://www.ipcamlive.com/saliste2,wcześniej testowane
,60a827ec8277b,Szkocja - Fairlie Coastal Oyster Cam,inne,OFFLINE,https://www.ipcamlive.com/60a827ec8277b,wcześniej testowane
,wellsjettycam,Wells - Jetty Cam,inne,OFFLINE,https://www.ipcamlive.com/wellsjettycam,wcześniej testowane
,53f1a5f94b1d0,Węgry - Dombóvár,inne,OFFLINE,https://www.ipcamlive.com/53f1a5f94b1d0,wcześniej testowane
,59b196fb5acdb,Węgry - Fedemes,inne,OFFLINE,https://www.ipcamlive.com/59b196fb5acdb,wcześniej testowane
,bagnoflavio,Włochy - Bagno Flavio,inne,OFFLINE,https://www.ipcamlive.com/bagnoflavio,wcześniej testowane
,lidosiriowebcam,Włochy - Gaeta - Lido Sirio,inne,OFFLINE,https://www.ipcamlive.com/lidosiriowebcam,wcześniej testowane
,6064ac4276104,Bułgaria - Burgas - jezioro,jezioro / rzeka,OFFLINE,https://www.ipcamlive.com/6064ac4276104,wcześniej testowane
,lakeviewlakecam,USA - Lake View,jezioro / rzeka,OFFLINE,https://www.ipcamlive.com/lakeviewlakecam,wcześniej testowane
,69c2eaaa29eb3,USA - Wicomico River,jezioro / rzeka,OFFLINE,https://www.ipcamlive.com/69c2eaaa29eb3,wcześniej testowane
,633f81d3bf9da,USA - Wolf River Resorts,jezioro / rzeka,OFFLINE,https://www.ipcamlive.com/633f81d3bf9da,wcześniej testowane
,airportbrac,Chorwacja - lotnisko Brac,lotnisko / aeroklub,OFFLINE,https://www.ipcamlive.com/airportbrac,wcześniej testowane
,bridgebay,USA - Bridge Bay - Shasta Lake,miasto / panorama,OFFLINE,https://www.ipcamlive.com/bridgebay,wcześniej testowane
,68e63bc7e1b23,Anglia - Littlehampton Harbour North,morze / port / plaża,OFFLINE,https://www.ipcamlive.com/68e63bc7e1b23,wcześniej testowane
,pdrbridgeweather,Portoryko - Puerto Del Rey,morze / port / plaża,OFFLINE,https://www.ipcamlive.com/pdrbridgeweather,wcześniej testowane
,sunbayulstimate,Portoryko - Sunbay Marina,morze / port / plaża,OFFLINE,https://www.ipcamlive.com/sunbayulstimate,wcześniej testowane
,nahoonbeach0sw0low,RPA - Nahoon Beach,morze / port / plaża,OFFLINE,https://www.ipcamlive.com/nahoonbeach0sw0low,wcześniej testowane
,662e60647a0a5,Szkocja - Tayport Harbour 360,morze / port / plaża,OFFLINE,https://www.ipcamlive.com/662e60647a0a5,wcześniej testowane
,merlinbeach,Tajlandia - Phuket - Tri-Trang Beach,morze / port / plaża,OFFLINE,https://www.ipcamlive.com/merlinbeach,wcześniej testowane
,609ee11fb2084,USA - Stone Harbor - 96th Street,morze / port / plaża,OFFLINE,https://www.ipcamlive.com/609ee11fb2084,wcześniej testowane
,64a202e285e55,Harmony Grove Village Weather,pogoda,OFFLINE,https://www.ipcamlive.com/64a202e285e55,wcześniej testowane
,644e316350948,Wyspy Owcze - kamera pogodowa,pogoda,OFFLINE,https://www.ipcamlive.com/644e316350948,wcześniej testowane
,hotelkalle,Estonia - Ontika - bocian,zwierzęta / natura,OFFLINE,https://www.ipcamlive.com/hotelkalle,wcześniej testowane
,otters,Kamera wydr,zwierzęta / natura,OFFLINE,https://www.ipcamlive.com/otters,wcześniej testowane
,615eaf594fe2,Hiszpania - Jávea Golf,inne,BŁĄD/JSON,https://www.ipcamlive.com/615eaf594fe2,wcześniej testowane
,louisvillesailing,USA - Louisville Sailing Club,inne,BŁĄD/JSON,https://www.ipcamlive.com/louisvillesailing,wcześniej testowane
,beavercreeklodge,Beaver Creek Lodge,góry / narty,NIE TESTOWANO,https://www.ipcamlive.com/beavercreeklodge,nowy kandydat z publicznego indeksu
,mallafre,Refugi Mallafre,góry / narty,NIE TESTOWANO,https://www.ipcamlive.com/mallafre,nowy kandydat z publicznego indeksu
,67bef40e37f05,Snow,góry / narty,NIE TESTOWANO,https://www.ipcamlive.com/67bef40e37f05,nowy kandydat z publicznego indeksu
,homolka,Valaská Belá Homôlka - wyciąg,góry / narty,NIE TESTOWANO,https://www.ipcamlive.com/homolka,nowy kandydat z publicznego indeksu
,inbound1,APMT ingate,inne,NIE TESTOWANO,https://www.ipcamlive.com/inbound1,nowy kandydat z publicznego indeksu
,athens,Athens I65 and HWY72,inne,NIE TESTOWANO,https://www.ipcamlive.com/athens,nowy kandydat z publicznego indeksu
,balneariorosana,Balneário Municipal de Rosana,inne,NIE TESTOWANO,https://www.ipcamlive.com/balneariorosana,nowy kandydat z publicznego indeksu
,broadway1a,Broadway Camera 1,inne,NIE TESTOWANO,https://www.ipcamlive.com/broadway1a,nowy kandydat z publicznego indeksu
,broadway2a,Broadway Camera 2,inne,NIE TESTOWANO,https://www.ipcamlive.com/broadway2a,nowy kandydat z publicznego indeksu
,campradjpolitielow,Camp Radj politie low,inne,NIE TESTOWANO,https://www.ipcamlive.com/campradjpolitielow,nowy kandydat z publicznego indeksu
,cazinoconstantadome,Cazino Constanta Camera 1,inne,NIE TESTOWANO,https://www.ipcamlive.com/cazinoconstantadome,nowy kandydat z publicznego indeksu
,63609c3400e64,Central,inne,NIE TESTOWANO,https://www.ipcamlive.com/63609c3400e64,nowy kandydat z publicznego indeksu
,lissycaseychurch,Church Camera,inne,NIE TESTOWANO,https://www.ipcamlive.com/lissycaseychurch,nowy kandydat z publicznego indeksu
,crisnjevo,Crisnjevo,inne,NIE TESTOWANO,https://www.ipcamlive.com/crisnjevo,nowy kandydat z publicznego indeksu
,decatur,Decatur,inne,NIE TESTOWANO,https://www.ipcamlive.com/decatur,nowy kandydat z publicznego indeksu
,67226b35a1d9a,Deck Cam,inne,NIE TESTOWANO,https://www.ipcamlive.com/67226b35a1d9a,nowy kandydat z publicznego indeksu
,discoverypassage,Discovery Passage,inne,NIE TESTOWANO,https://www.ipcamlive.com/discoverypassage,nowy kandydat z publicznego indeksu
,fasoula,Fasoula,inne,NIE TESTOWANO,https://www.ipcamlive.com/fasoula,nowy kandydat z publicznego indeksu
,fcscam,Fun Country Soaring,inne,NIE TESTOWANO,https://www.ipcamlive.com/fcscam,nowy kandydat z publicznego indeksu
,5fcee202dbecb,GCIC Bldg Live Guam Cam South,inne,NIE TESTOWANO,https://www.ipcamlive.com/5fcee202dbecb,nowy kandydat z publicznego indeksu
,687183e549d5c,Home Backyard,inne,NIE TESTOWANO,https://www.ipcamlive.com/687183e549d5c,nowy kandydat z publicznego indeksu
,hotelbaia,"Hotel Baía, Cascais",inne,NIE TESTOWANO,https://www.ipcamlive.com/hotelbaia,nowy kandydat z publicznego indeksu
,hotelcharn,Hotel Charn,inne,NIE TESTOWANO,https://www.ipcamlive.com/hotelcharn,nowy kandydat z publicznego indeksu
,60d5c730c91b5,I360 Tower Camera North,inne,NIE TESTOWANO,https://www.ipcamlive.com/60d5c730c91b5,nowy kandydat z publicznego indeksu
,667af502836d4,Kaiaponi Farm - Waikanae Surf Club,inne,NIE TESTOWANO,https://www.ipcamlive.com/667af502836d4,nowy kandydat z publicznego indeksu
,kite,Kite,inne,NIE TESTOWANO,https://www.ipcamlive.com/kite,nowy kandydat z publicznego indeksu
,64934d0a183a8,Kootzcam,inne,NIE TESTOWANO,https://www.ipcamlive.com/64934d0a183a8,nowy kandydat z publicznego indeksu
,lccexpansion,LCC Expansion,inne,NIE TESTOWANO,https://www.ipcamlive.com/lccexpansion,nowy kandydat z publicznego indeksu
,lodowiskoslupna,Lodowisko Park Słupna,inne,NIE TESTOWANO,https://www.ipcamlive.com/lodowiskoslupna,nowy kandydat z publicznego indeksu
,mediterraneo,Mediterraneo,inne,NIE TESTOWANO,https://www.ipcamlive.com/mediterraneo,nowy kandydat z publicznego indeksu
,5ce3a15e49e58,Morningstar North,inne,NIE TESTOWANO,https://www.ipcamlive.com/5ce3a15e49e58,nowy kandydat z publicznego indeksu
,rampa,Nautilus,inne,NIE TESTOWANO,https://www.ipcamlive.com/rampa,nowy kandydat z publicznego indeksu
,oleanderhotel,Oleander Hotel,inne,NIE TESTOWANO,https://www.ipcamlive.com/oleanderhotel,nowy kandydat z publicznego indeksu
,54ae2a16d83aa,Pool Cam,inne,NIE TESTOWANO,https://www.ipcamlive.com/54ae2a16d83aa,nowy kandydat z publicznego indeksu
,5746774011783,Public IPCamLive camera,inne,NIE TESTOWANO,https://www.ipcamlive.com/5746774011783,nowy kandydat z publicznego indeksu
,5bc206bd09b49,Public IPCamLive camera,inne,NIE TESTOWANO,https://www.ipcamlive.com/5bc206bd09b49,nowy kandydat z publicznego indeksu
,5c16c05e849d0,Public IPCamLive camera,inne,NIE TESTOWANO,https://www.ipcamlive.com/5c16c05e849d0,nowy kandydat z publicznego indeksu
,64ea30cf0d7be,Public IPCamLive camera,inne,NIE TESTOWANO,https://www.ipcamlive.com/64ea30cf0d7be,nowy kandydat z publicznego indeksu
,67ffd07062ee5,Public IPCamLive camera,inne,NIE TESTOWANO,https://www.ipcamlive.com/67ffd07062ee5,nowy kandydat z publicznego indeksu
,5a05c9d7a53a2,Public IPCamLive page,inne,NIE TESTOWANO,https://www.ipcamlive.com/5a05c9d7a53a2,nowy kandydat z publicznego indeksu
,5a71a710c48ae,Public IPCamLive page,inne,NIE TESTOWANO,https://www.ipcamlive.com/5a71a710c48ae,nowy kandydat z publicznego indeksu
,5a8f2c6c318d9,Public IPCamLive page,inne,NIE TESTOWANO,https://www.ipcamlive.com/5a8f2c6c318d9,nowy kandydat z publicznego indeksu
,5d42fff5d1dab,Public IPCamLive page,inne,NIE TESTOWANO,https://www.ipcamlive.com/5d42fff5d1dab,nowy kandydat z publicznego indeksu
,5f4e1830b2e6b,Public IPCamLive page,inne,NIE TESTOWANO,https://www.ipcamlive.com/5f4e1830b2e6b,nowy kandydat z publicznego indeksu
,6103c358500e7,Public IPCamLive page,inne,NIE TESTOWANO,https://www.ipcamlive.com/6103c358500e7,nowy kandydat z publicznego indeksu
,6408453972b9f,Public IPCamLive page,inne,NIE TESTOWANO,https://www.ipcamlive.com/6408453972b9f,nowy kandydat z publicznego indeksu
,65e8fcfbcbd5c,Public IPCamLive page,inne,NIE TESTOWANO,https://www.ipcamlive.com/65e8fcfbcbd5c,nowy kandydat z publicznego indeksu
,66a7fb01a47a4,Public IPCamLive page,inne,NIE TESTOWANO,https://www.ipcamlive.com/66a7fb01a47a4,nowy kandydat z publicznego indeksu
,67d43b806ac05,Public IPCamLive page,inne,NIE TESTOWANO,https://www.ipcamlive.com/67d43b806ac05,nowy kandydat z publicznego indeksu
,67ec4188e5add,Public IPCamLive page,inne,NIE TESTOWANO,https://www.ipcamlive.com/67ec4188e5add,nowy kandydat z publicznego indeksu
,686e4ed435ab6,Public IPCamLive page,inne,NIE TESTOWANO,https://www.ipcamlive.com/686e4ed435ab6,nowy kandydat z publicznego indeksu
,687610ea2603d,Public IPCamLive page,inne,NIE TESTOWANO,https://www.ipcamlive.com/687610ea2603d,nowy kandydat z publicznego indeksu
,59df5aab354de,Public IPCamLive player page,inne,NIE TESTOWANO,https://www.ipcamlive.com/59df5aab354de,nowy kandydat z publicznego indeksu
,puppycam1,Puppy Cam 1,inne,NIE TESTOWANO,https://www.ipcamlive.com/puppycam1,nowy kandydat z publicznego indeksu
,puppycamextra,Puppy Cam 2,inne,NIE TESTOWANO,https://www.ipcamlive.com/puppycamextra,nowy kandydat z publicznego indeksu
,5bc65dffa9fa8,RPOA Pool Cam,inne,NIE TESTOWANO,https://www.ipcamlive.com/5bc65dffa9fa8,nowy kandydat z publicznego indeksu
,scgymcamera,SC Gym Camera,inne,NIE TESTOWANO,https://www.ipcamlive.com/scgymcamera,nowy kandydat z publicznego indeksu
,sanddollar,Sanddollar Sity,inne,NIE TESTOWANO,https://www.ipcamlive.com/sanddollar,nowy kandydat z publicznego indeksu
,seymourloadoutwest,Seymour Loadout West,inne,NIE TESTOWANO,https://www.ipcamlive.com/seymourloadoutwest,nowy kandydat z publicznego indeksu
,solvallabankamera,Solvalla - kamera toru,inne,NIE TESTOWANO,https://www.ipcamlive.com/solvallabankamera,nowy kandydat z publicznego indeksu
,sotiritsanorth,Sotiritsa North,inne,NIE TESTOWANO,https://www.ipcamlive.com/sotiritsanorth,nowy kandydat z publicznego indeksu
,crannychurch,St Marys Church,inne,NIE TESTOWANO,https://www.ipcamlive.com/crannychurch,nowy kandydat z publicznego indeksu
,kildysartchurch,St Michael's Church,inne,NIE TESTOWANO,https://www.ipcamlive.com/kildysartchurch,nowy kandydat z publicznego indeksu
,551011cd5abd5,"Stork Webcam Eitminiskes, Lithuania",inne,NIE TESTOWANO,https://www.ipcamlive.com/551011cd5abd5,nowy kandydat z publicznego indeksu
,tullaparish,Tulla Church,inne,NIE TESTOWANO,https://www.ipcamlive.com/tullaparish,nowy kandydat z publicznego indeksu
,5fa166211b9a5,Tórshavn,inne,NIE TESTOWANO,https://www.ipcamlive.com/5fa166211b9a5,nowy kandydat z publicznego indeksu
,villadianacroatia,Villa Diana Croatia,inne,NIE TESTOWANO,https://www.ipcamlive.com/villadianacroatia,nowy kandydat z publicznego indeksu
,5ad64dfb68455,West Topeka,inne,NIE TESTOWANO,https://www.ipcamlive.com/5ad64dfb68455,nowy kandydat z publicznego indeksu
,zimakcernosice,Zimní stadion Černošice,inne,NIE TESTOWANO,https://www.ipcamlive.com/zimakcernosice,nowy kandydat z publicznego indeksu
,camp48a,camp48a,inne,NIE TESTOWANO,https://www.ipcamlive.com/camp48a,nowy kandydat z publicznego indeksu
,campradj,campradj,inne,NIE TESTOWANO,https://www.ipcamlive.com/campradj,nowy kandydat z publicznego indeksu
,kdfmcam0001,kdfmcam0001,inne,NIE TESTOWANO,https://www.ipcamlive.com/kdfmcam0001,nowy kandydat z publicznego indeksu
,667166e35c208,Aero Club - Fuel Bowser North,lotnisko / aeroklub,NIE TESTOWANO,https://www.ipcamlive.com/667166e35c208,nowy kandydat z publicznego indeksu
,658F2655F2B46,Aérodrome Paul Gorce - windsock,lotnisko / aeroklub,NIE TESTOWANO,https://www.ipcamlive.com/658F2655F2B46,nowy kandydat z publicznego indeksu
,ulmest,Aérodrome de Coulommiers - ULM Paris Est,lotnisko / aeroklub,NIE TESTOWANO,https://www.ipcamlive.com/ulmest,nowy kandydat z publicznego indeksu
,lolkrw12,LOLK Runway 12,lotnisko / aeroklub,NIE TESTOWANO,https://www.ipcamlive.com/lolkrw12,nowy kandydat z publicznego indeksu
,573c49f1b13ff,Astoria,miasto / panorama,NIE TESTOWANO,https://www.ipcamlive.com/573c49f1b13ff,nowy kandydat z publicznego indeksu
,panoramawebcam,Campora San Giovanni - panorama,miasto / panorama,NIE TESTOWANO,https://www.ipcamlive.com/panoramawebcam,nowy kandydat z publicznego indeksu
,democam2nd,City Hall Demo Cam 2,miasto / panorama,NIE TESTOWANO,https://www.ipcamlive.com/democam2nd,nowy kandydat z publicznego indeksu
,panorama,Comune di Gioiosa Marea - panorama,miasto / panorama,NIE TESTOWANO,https://www.ipcamlive.com/panorama,nowy kandydat z publicznego indeksu
,bismarck,Downtown Bismarck,miasto / panorama,NIE TESTOWANO,https://www.ipcamlive.com/bismarck,nowy kandydat z publicznego indeksu
,6634b86c732a3,Hvar Panorama,miasto / panorama,NIE TESTOWANO,https://www.ipcamlive.com/6634b86c732a3,nowy kandydat z publicznego indeksu
,6616fd68cdd18,PR Downtown Hwy 59 North,miasto / panorama,NIE TESTOWANO,https://www.ipcamlive.com/6616fd68cdd18,nowy kandydat z publicznego indeksu
,6616fdb7af12f,PR Downtown Hwy 59 South,miasto / panorama,NIE TESTOWANO,https://www.ipcamlive.com/6616fdb7af12f,nowy kandydat z publicznego indeksu
,panocamfliegercamp,Panoramakamera Fliegercamp,miasto / panorama,NIE TESTOWANO,https://www.ipcamlive.com/panocamfliegercamp,nowy kandydat z publicznego indeksu
,monacilioni4,Piazza 3 Monacilioni,miasto / panorama,NIE TESTOWANO,https://www.ipcamlive.com/monacilioni4,nowy kandydat z publicznego indeksu
,bonefro1,Piazza Bonefro,miasto / panorama,NIE TESTOWANO,https://www.ipcamlive.com/bonefro1,nowy kandydat z publicznego indeksu
,piazzacapp,Piazza Umberto I - Petrella Tifernina,miasto / panorama,NIE TESTOWANO,https://www.ipcamlive.com/piazzacapp,nowy kandydat z publicznego indeksu
,plazasierrapambleyvillablino,Plaza Sierra Pambley,miasto / panorama,NIE TESTOWANO,https://www.ipcamlive.com/plazasierrapambleyvillablino,nowy kandydat z publicznego indeksu
,smokovac,Smokovac,miasto / panorama,NIE TESTOWANO,https://www.ipcamlive.com/smokovac,nowy kandydat z publicznego indeksu
,ffm0,Street Cam,miasto / panorama,NIE TESTOWANO,https://www.ipcamlive.com/ffm0,nowy kandydat z publicznego indeksu
,5a86db6a77a43,Tisno - most,miasto / panorama,NIE TESTOWANO,https://www.ipcamlive.com/5a86db6a77a43,nowy kandydat z publicznego indeksu
,plazaconstituciontotana,Totana - Plaza Constitución,miasto / panorama,NIE TESTOWANO,https://www.ipcamlive.com/plazaconstituciontotana,nowy kandydat z publicznego indeksu
,553a793a5bf5c,"49th Street South, Gulfport Florida",morze / port / plaża,NIE TESTOWANO,https://www.ipcamlive.com/553a793a5bf5c,nowy kandydat z publicznego indeksu
,beach,BayBlessed Beach,morze / port / plaża,NIE TESTOWANO,https://www.ipcamlive.com/beach,nowy kandydat z publicznego indeksu
,676357af8bc1f,Beach Cam,morze / port / plaża,NIE TESTOWANO,https://www.ipcamlive.com/676357af8bc1f,nowy kandydat z publicznego indeksu
,6054feb9d0d56,Beachcomber Speed Alley View,morze / port / plaża,NIE TESTOWANO,https://www.ipcamlive.com/6054feb9d0d56,nowy kandydat z publicznego indeksu
,bsyc1080,Brighton and Seacliff Yacht Club,morze / port / plaża,NIE TESTOWANO,https://www.ipcamlive.com/bsyc1080,nowy kandydat z publicznego indeksu
,cnbbeach,CNB Beach,morze / port / plaża,NIE TESTOWANO,https://www.ipcamlive.com/cnbbeach,nowy kandydat z publicznego indeksu
,671b758ee7dc6,Club Cala Gamba,morze / port / plaża,NIE TESTOWANO,https://www.ipcamlive.com/671b758ee7dc6,nowy kandydat z publicznego indeksu
,600f12bf4a326,Dock Cam,morze / port / plaża,NIE TESTOWANO,https://www.ipcamlive.com/600f12bf4a326,nowy kandydat z publicznego indeksu
,crabislanddestinflorida,Emerald Grande Crab Island Destin Florida Cam,morze / port / plaża,NIE TESTOWANO,https://www.ipcamlive.com/crabislanddestinflorida,nowy kandydat z publicznego indeksu
,escanaibiza,Es Cana Ibiza,morze / port / plaża,NIE TESTOWANO,https://www.ipcamlive.com/escanaibiza,nowy kandydat z publicznego indeksu
,5b1a9a31a1f64,Lake Geneva Yacht Club,morze / port / plaża,NIE TESTOWANO,https://www.ipcamlive.com/5b1a9a31a1f64,nowy kandydat z publicznego indeksu
,65ba5f490642d,Maranatha Michigan Beach Cam,morze / port / plaża,NIE TESTOWANO,https://www.ipcamlive.com/65ba5f490642d,nowy kandydat z publicznego indeksu
,rethymnocityhall2,Marina2 - Rethymno,morze / port / plaża,NIE TESTOWANO,https://www.ipcamlive.com/rethymnocityhall2,nowy kandydat z publicznego indeksu
,mbhrooftopcamera,Monterey Beach Hotel,morze / port / plaża,NIE TESTOWANO,https://www.ipcamlive.com/mbhrooftopcamera,nowy kandydat z publicznego indeksu
,65f00165e60f4,Nahariya - molo/plaża 1,morze / port / plaża,NIE TESTOWANO,https://www.ipcamlive.com/65f00165e60f4,nowy kandydat z publicznego indeksu
,65f00024400d7,Nahariya - molo/plaża 2,morze / port / plaża,NIE TESTOWANO,https://www.ipcamlive.com/65f00024400d7,nowy kandydat z publicznego indeksu
,594049acc6784,North Beach Kiten Atliman,morze / port / plaża,NIE TESTOWANO,https://www.ipcamlive.com/594049acc6784,nowy kandydat z publicznego indeksu
,ottensharbor,Ottens Harbor,morze / port / plaża,NIE TESTOWANO,https://www.ipcamlive.com/ottensharbor,nowy kandydat z publicznego indeksu
,piercestownchurch,Piercestown Murrintown Church,morze / port / plaża,NIE TESTOWANO,https://www.ipcamlive.com/piercestownchurch,nowy kandydat z publicznego indeksu
,seacamera,Sea Club Hadera,morze / port / plaża,NIE TESTOWANO,https://www.ipcamlive.com/seacamera,nowy kandydat z publicznego indeksu
,thelandingattheboathouse,The Landing at the Boathouse - Myrtle Beach,morze / port / plaża,NIE TESTOWANO,https://www.ipcamlive.com/thelandingattheboathouse,nowy kandydat z publicznego indeksu
,webcam,Webcam Beach,morze / port / plaża,NIE TESTOWANO,https://www.ipcamlive.com/webcam,nowy kandydat z publicznego indeksu
,5a71d8311c52f,Publiczna strona IPCamLive - nazwa nieznana,nieznana,NIE TESTOWANO,https://www.ipcamlive.com/5a71d8311c52f,nowy kandydat z publicznego indeksu
,5a8447de32c5a,Publiczna strona IPCamLive - nazwa nieznana,nieznana,NIE TESTOWANO,https://www.ipcamlive.com/5a8447de32c5a,nowy kandydat z publicznego indeksu
,5b3f45a407979,Publiczna strona IPCamLive - nazwa nieznana,nieznana,NIE TESTOWANO,https://www.ipcamlive.com/5b3f45a407979,nowy kandydat z publicznego indeksu
,5b5221570c4c1,Publiczna strona IPCamLive - nazwa nieznana,nieznana,NIE TESTOWANO,https://www.ipcamlive.com/5b5221570c4c1,nowy kandydat z publicznego indeksu
,5b86f190305f0,Publiczna strona IPCamLive - nazwa nieznana,nieznana,NIE TESTOWANO,https://www.ipcamlive.com/5b86f190305f0,nowy kandydat z publicznego indeksu
,5d49d4bb1820c,Publiczna strona IPCamLive - nazwa nieznana,nieznana,NIE TESTOWANO,https://www.ipcamlive.com/5d49d4bb1820c,nowy kandydat z publicznego indeksu
,5def711f441fc,Publiczna strona IPCamLive - nazwa nieznana,nieznana,NIE TESTOWANO,https://www.ipcamlive.com/5def711f441fc,nowy kandydat z publicznego indeksu
,5e42f822b2e45,Publiczna strona IPCamLive - nazwa nieznana,nieznana,NIE TESTOWANO,https://www.ipcamlive.com/5e42f822b2e45,nowy kandydat z publicznego indeksu
,5e739b6fd9314,Publiczna strona IPCamLive - nazwa nieznana,nieznana,NIE TESTOWANO,https://www.ipcamlive.com/5e739b6fd9314,nowy kandydat z publicznego indeksu
,5e9094a5ea30e,Publiczna strona IPCamLive - nazwa nieznana,nieznana,NIE TESTOWANO,https://www.ipcamlive.com/5e9094a5ea30e,nowy kandydat z publicznego indeksu
,5eaaa2be7479e,Publiczna strona IPCamLive - nazwa nieznana,nieznana,NIE TESTOWANO,https://www.ipcamlive.com/5eaaa2be7479e,nowy kandydat z publicznego indeksu
,5f210b013704e,Publiczna strona IPCamLive - nazwa nieznana,nieznana,NIE TESTOWANO,https://www.ipcamlive.com/5f210b013704e,nowy kandydat z publicznego indeksu
,5f24192903bf5,Publiczna strona IPCamLive - nazwa nieznana,nieznana,NIE TESTOWANO,https://www.ipcamlive.com/5f24192903bf5,nowy kandydat z publicznego indeksu
,5f99470d11f4a,Publiczna strona IPCamLive - nazwa nieznana,nieznana,NIE TESTOWANO,https://www.ipcamlive.com/5f99470d11f4a,nowy kandydat z publicznego indeksu
,62a24340ea224,Publiczna strona IPCamLive - nazwa nieznana,nieznana,NIE TESTOWANO,https://www.ipcamlive.com/62a24340ea224,nowy kandydat z publicznego indeksu
,63f919ad27eb0,Publiczna strona IPCamLive - nazwa nieznana,nieznana,NIE TESTOWANO,https://www.ipcamlive.com/63f919ad27eb0,nowy kandydat z publicznego indeksu
,653f99c55d846,Publiczna strona IPCamLive - nazwa nieznana,nieznana,NIE TESTOWANO,https://www.ipcamlive.com/653f99c55d846,nowy kandydat z publicznego indeksu
,6582f8d4d4e03,Publiczna strona IPCamLive - nazwa nieznana,nieznana,NIE TESTOWANO,https://www.ipcamlive.com/6582f8d4d4e03,nowy kandydat z publicznego indeksu
,65afff4e2d408,Publiczna strona IPCamLive - nazwa nieznana,nieznana,NIE TESTOWANO,https://www.ipcamlive.com/65afff4e2d408,nowy kandydat z publicznego indeksu
,65b26e097e15e,Publiczna strona IPCamLive - nazwa nieznana,nieznana,NIE TESTOWANO,https://www.ipcamlive.com/65b26e097e15e,nowy kandydat z publicznego indeksu
,65d35aa6026d3,Publiczna strona IPCamLive - nazwa nieznana,nieznana,NIE TESTOWANO,https://www.ipcamlive.com/65d35aa6026d3,nowy kandydat z publicznego indeksu
,66f2c680aac9d,Publiczna strona IPCamLive - nazwa nieznana,nieznana,NIE TESTOWANO,https://www.ipcamlive.com/66f2c680aac9d,nowy kandydat z publicznego indeksu
,67cc3bc071cf6,Publiczna strona IPCamLive - nazwa nieznana,nieznana,NIE TESTOWANO,https://www.ipcamlive.com/67cc3bc071cf6,nowy kandydat z publicznego indeksu
,69aa86051667e,Publiczna strona IPCamLive - nazwa nieznana,nieznana,NIE TESTOWANO,https://www.ipcamlive.com/69aa86051667e,nowy kandydat z publicznego indeksu
,6a429661945f8,Publiczna strona IPCamLive - nazwa nieznana,nieznana,NIE TESTOWANO,https://www.ipcamlive.com/6a429661945f8,nowy kandydat z publicznego indeksu
,5ded8825acf7a,Publiczny player IPCamLive - kamera niedostępna w indeksie,nieznana,NIE TESTOWANO,https://www.ipcamlive.com/5ded8825acf7a,nowy kandydat z publicznego indeksu
,62ff8ac0c1390,Publiczny player IPCamLive - nazwa nieznana,nieznana,NIE TESTOWANO,https://www.ipcamlive.com/62ff8ac0c1390,nowy kandydat z publicznego indeksu
,6565f22ea1bcc,Publiczny player IPCamLive - nazwa nieznana,nieznana,NIE TESTOWANO,https://www.ipcamlive.com/6565f22ea1bcc,nowy kandydat z publicznego indeksu
,66520213e4069,Aerodrome Paul Gorce - Ambert - Parking,obserwacyjna / obiekt,NIE TESTOWANO,https://www.ipcamlive.com/66520213e4069,nowy kandydat z publicznego indeksu
,bimsparkinglot,BIMS Parking Lot,obserwacyjna / obiekt,NIE TESTOWANO,https://www.ipcamlive.com/bimsparkinglot,nowy kandydat z publicznego indeksu
,campradjsenslow,Camp Radj Sensor Low,obserwacyjna / obiekt,NIE TESTOWANO,https://www.ipcamlive.com/campradjsenslow,nowy kandydat z publicznego indeksu
,631b9b9cea02f,City of Hagerstown Skate Park,obserwacyjna / obiekt,NIE TESTOWANO,https://www.ipcamlive.com/631b9b9cea02f,nowy kandydat z publicznego indeksu
,parkinglot1,Coral Stone Club - Parking Lot Cam 1,obserwacyjna / obiekt,NIE TESTOWANO,https://www.ipcamlive.com/parkinglot1,nowy kandydat z publicznego indeksu
,court1mn,Court 1,obserwacyjna / obiekt,NIE TESTOWANO,https://www.ipcamlive.com/court1mn,nowy kandydat z publicznego indeksu
,5a6a833aa419e,Court 2,obserwacyjna / obiekt,NIE TESTOWANO,https://www.ipcamlive.com/5a6a833aa419e,nowy kandydat z publicznego indeksu
,6601b5072d651,Court 2,obserwacyjna / obiekt,NIE TESTOWANO,https://www.ipcamlive.com/6601b5072d651,nowy kandydat z publicznego indeksu
,5c543ab65e946,Court 3,obserwacyjna / obiekt,NIE TESTOWANO,https://www.ipcamlive.com/5c543ab65e946,nowy kandydat z publicznego indeksu
,court3mn,Court 3,obserwacyjna / obiekt,NIE TESTOWANO,https://www.ipcamlive.com/court3mn,nowy kandydat z publicznego indeksu
,court4mn,Court 4,obserwacyjna / obiekt,NIE TESTOWANO,https://www.ipcamlive.com/court4mn,nowy kandydat z publicznego indeksu
,court5mn,Court 5,obserwacyjna / obiekt,NIE TESTOWANO,https://www.ipcamlive.com/court5mn,nowy kandydat z publicznego indeksu
,court6mn,Court 6,obserwacyjna / obiekt,NIE TESTOWANO,https://www.ipcamlive.com/court6mn,nowy kandydat z publicznego indeksu
,court7mn,Court 7,obserwacyjna / obiekt,NIE TESTOWANO,https://www.ipcamlive.com/court7mn,nowy kandydat z publicznego indeksu
,court8mn,Court 8,obserwacyjna / obiekt,NIE TESTOWANO,https://www.ipcamlive.com/court8mn,nowy kandydat z publicznego indeksu
,courthouseplaza1,Courthouse Plaza,obserwacyjna / obiekt,NIE TESTOWANO,https://www.ipcamlive.com/courthouseplaza1,nowy kandydat z publicznego indeksu
,fpnfield6,FPN Field 6,obserwacyjna / obiekt,NIE TESTOWANO,https://www.ipcamlive.com/fpnfield6,nowy kandydat z publicznego indeksu
,6671ba0eeb76c,Far Grass Parking,obserwacyjna / obiekt,NIE TESTOWANO,https://www.ipcamlive.com/6671ba0eeb76c,nowy kandydat z publicznego indeksu
,ftolinquad,Florida Tech Olin Quad,obserwacyjna / obiekt,NIE TESTOWANO,https://www.ipcamlive.com/ftolinquad,nowy kandydat z publicznego indeksu
,653ca23ef3c05,GJ Pickleball Court Camera,obserwacyjna / obiekt,NIE TESTOWANO,https://www.ipcamlive.com/653ca23ef3c05,nowy kandydat z publicznego indeksu
,5d3a8b80f2977,Mercer Chamber - Parking Lot/Public WIFI,obserwacyjna / obiekt,NIE TESTOWANO,https://www.ipcamlive.com/5d3a8b80f2977,nowy kandydat z publicznego indeksu
,54ae29c3820c0,Pool Patio,obserwacyjna / obiekt,NIE TESTOWANO,https://www.ipcamlive.com/54ae29c3820c0,nowy kandydat z publicznego indeksu
,scconstructioncamera1,SC Construction Camera 1,obserwacyjna / obiekt,NIE TESTOWANO,https://www.ipcamlive.com/scconstructioncamera1,nowy kandydat z publicznego indeksu
,seven,SEVEN CAFE,obserwacyjna / obiekt,NIE TESTOWANO,https://www.ipcamlive.com/seven,nowy kandydat z publicznego indeksu
,sthelenasolar,St. Helena Solar Construction,obserwacyjna / obiekt,NIE TESTOWANO,https://www.ipcamlive.com/sthelenasolar,nowy kandydat z publicznego indeksu
,tenniscourt1,Tennis Court 1,obserwacyjna / obiekt,NIE TESTOWANO,https://www.ipcamlive.com/tenniscourt1,nowy kandydat z publicznego indeksu
,tenniscourt5,Tennis Court 5,obserwacyjna / obiekt,NIE TESTOWANO,https://www.ipcamlive.com/tenniscourt5,nowy kandydat z publicznego indeksu
,tennisbaan234,"Tennisbaan 2, 3 & 4",obserwacyjna / obiekt,NIE TESTOWANO,https://www.ipcamlive.com/tennisbaan234,nowy kandydat z publicznego indeksu
,5d3f788b1d403,Trilogy Pickleball Courts,obserwacyjna / obiekt,NIE TESTOWANO,https://www.ipcamlive.com/5d3f788b1d403,nowy kandydat z publicznego indeksu
,628285401b84e,Woodstock Tennis Club,obserwacyjna / obiekt,NIE TESTOWANO,https://www.ipcamlive.com/628285401b84e,nowy kandydat z publicznego indeksu
,620aa4f7afb84,Sunset Cam,pogoda,NIE TESTOWANO,https://www.ipcamlive.com/620aa4f7afb84,nowy kandydat z publicznego indeksu
,qefpbirdfeeder,Bird Feeder,zwierzęta / natura,NIE TESTOWANO,https://www.ipcamlive.com/qefpbirdfeeder,nowy kandydat z publicznego indeksu
,cenospreycam,Centerville Elementary School Osprey Camera,zwierzęta / natura,NIE TESTOWANO,https://www.ipcamlive.com/cenospreycam,nowy kandydat z publicznego indeksu
,643a55feb8213,CentrálÉtterem - kamera bocianów,zwierzęta / natura,NIE TESTOWANO,https://www.ipcamlive.com/643a55feb8213,nowy kandydat z publicznego indeksu
,690502b51ba36,Gaylord Elk View Park,zwierzęta / natura,NIE TESTOWANO,https://www.ipcamlive.com/690502b51ba36,nowy kandydat z publicznego indeksu
,margocam,Margo Waterhole,zwierzęta / natura,NIE TESTOWANO,https://www.ipcamlive.com/margocam,nowy kandydat z publicznego indeksu
,pszczoly,pszczoly.tv,zwierzęta / natura,NIE TESTOWANO,https://www.ipcamlive.com/pszczoly,nowy kandydat z publicznego indeksu
